common_voice_id_19078279.mp3	no problem
common_voice_id_19078280.mp3	ikeda is my last name and kazuko is my first name
common_voice_id_19078281.mp3	you have done what you have to do
common_voice_id_19078282.mp3	i always take the train at eight in the morning
common_voice_id_19078283.mp3	i can't hold it anymore
common_voice_id_19078284.mp3	the king has oppressed his people
common_voice_id_19078285.mp3	he is not realistic
common_voice_id_19078286.mp3	tom is not thirsty
common_voice_id_19078287.mp3	tom lost all of his money
common_voice_id_19078288.mp3	i knew that only yesterday
common_voice_id_19078289.mp3	because i run every day i get a little thin
common_voice_id_19078290.mp3	in the weather forecast it is announced that it will be sunny tomorrow
common_voice_id_19078291.mp3	what does your father do
common_voice_id_19078292.mp3	he doesn't mean to hurt your feelings
common_voice_id_19078293.mp3	he is crazy about music
common_voice_id_19078294.mp3	i ordered this dish
common_voice_id_19078295.mp3	i became short
common_voice_id_19078296.mp3	i lent money to my younger brother
common_voice_id_19078297.mp3	before the law we are all equal but the rich people sometimes have more lucks
common_voice_id_19078298.mp3	that is not my problem
common_voice_id_19078309.mp3	why do you want to shop here everything is expensive
common_voice_id_19078310.mp3	i often fall but i never give up
common_voice_id_19078311.mp3	he will go to the hospital
common_voice_id_19078312.mp3	no need to go to the office on saturdays
common_voice_id_19078313.mp3	what time is the scheduled plane arrival
common_voice_id_19078324.mp3	i have to buy one of these
common_voice_id_19078325.mp3	he may be tired of waiting and falling asleep
common_voice_id_19078326.mp3	are there any cats on the table
common_voice_id_19078327.mp3	oil is lighter than water
common_voice_id_19078328.mp3	my father is a teacher
common_voice_id_19078349.mp3	i am sure you know what to do
common_voice_id_19078350.mp3	which application software do you like the most
common_voice_id_19078351.mp3	this flower blooms in spring
common_voice_id_19078352.mp3	i have run out of battery
common_voice_id_19078353.mp3	keiko told me about the arrival of the plane
common_voice_id_19078368.mp3	he is very irritable
common_voice_id_19078370.mp3	if the number of vehicles increases then the road does too
common_voice_id_19078372.mp3	my mother was worried because my sister had not yet returned home
common_voice_id_19078374.mp3	he loved her she also loved him
common_voice_id_19078378.mp3	today's work is very tiring
common_voice_id_19078419.mp3	may i choose my own seat
common_voice_id_19078420.mp3	tom knows there's something wrong right
common_voice_id_19078421.mp3	tom said he could wait a long time
common_voice_id_19078422.mp3	i'm quite proficient in the first aid
common_voice_id_19078423.mp3	god damn it tom don't repeat it
common_voice_id_19078429.mp3	i'm not your slave
common_voice_id_19078430.mp3	they submitted the case to the court
common_voice_id_19078431.mp3	if i read the newspaper every day i can remember
common_voice_id_19078432.mp3	mr kimura brought my stuff
common_voice_id_19078433.mp3	i don't think that's a good idea
common_voice_id_19080214.mp3	can i eat this one
common_voice_id_19080215.mp3	my room is too narrow for this stuff
common_voice_id_19080216.mp3	tom needs to lower his expectations
common_voice_id_19080217.mp3	mr yamada's mother is very good at cooking
common_voice_id_19080218.mp3	undaunted he refused to surrender
common_voice_id_19080224.mp3	the man admitted that he robbed the old woman
common_voice_id_19080225.mp3	you will feel better after sleeping at night
common_voice_id_19080226.mp3	the room is too small for us
common_voice_id_19080227.mp3	everyone feels tense because of the story
common_voice_id_19080228.mp3	he did not have the courage to tell the truth
common_voice_id_19080234.mp3	if you turn right on the corner there is a supermarket
common_voice_id_19080235.mp3	it seems like the person is convinced that what he said is true
common_voice_id_19080236.mp3	we have to report to the immigration office
common_voice_id_19080237.mp3	i talk to myself
common_voice_id_19080238.mp3	we cross the river by a cruise
common_voice_id_19080239.mp3	excuse me i want to meet tom
common_voice_id_19080240.mp3	this is my computer
common_voice_id_19080241.mp3	the sugar dissolves in warm coffee
common_voice_id_19080242.mp3	the country has natural resources
common_voice_id_19080243.mp3	i carry a passport when going abroad
common_voice_id_19080249.mp3	tom usually comes to visit us every summer
common_voice_id_19080250.mp3	never make a noise in this room
common_voice_id_19080251.mp3	let's sit there and eat boxed rice
common_voice_id_19080252.mp3	i was a student at that time
common_voice_id_19080253.mp3	this bed looks sturdy
common_voice_id_19080254.mp3	the sharia economic system until now has not been practiced among islamic boarding schools
common_voice_id_19080255.mp3	i met your father yesterday
common_voice_id_19080256.mp3	he wants to have children but i don't
common_voice_id_19080257.mp3	i do not want to be disturbed until ten
common_voice_id_19080258.mp3	answer my question do you see it there
common_voice_id_19080259.mp3	it was my mother's birthday last week
common_voice_id_19080260.mp3	please interpret my strange dream
common_voice_id_19080261.mp3	i cannot live without you
common_voice_id_19080262.mp3	i ate one cake that i received from mr lee
common_voice_id_19080263.mp3	i bought a sweater a skirt and so on at a department store
common_voice_id_19080264.mp3	i came to this country three years ago
common_voice_id_19080265.mp3	tom left a few minutes ago
common_voice_id_19080266.mp3	i sat resting because i was tired
common_voice_id_19080267.mp3	the taxi was waiting outside
common_voice_id_19080268.mp3	that's today's newspaper
common_voice_id_19080269.mp3	it is almost three o'clock
common_voice_id_19080271.mp3	rice is usually eaten with chopsticks in japan
common_voice_id_19080273.mp3	he did not answer all the questions
common_voice_id_19080274.mp3	i heard an interesting news from my friend yesterday
common_voice_id_19080275.mp3	do you agree
common_voice_id_19080276.mp3	tom offered his seat to a granny
common_voice_id_19080277.mp3	i will contact you after i get home
common_voice_id_19080278.mp3	the universe is full of mystery
common_voice_id_19081168.mp3	his ideas are always fresh
common_voice_id_19083080.mp3	i have seen her sweeping rooms
common_voice_id_19083081.mp3	this apartment's rental is costly
common_voice_id_19083082.mp3	i ate the cake that i got from mr tanaka
common_voice_id_19083083.mp3	tom tell me the truth
common_voice_id_19083084.mp3	tell me please i will listen carefully
common_voice_id_19083105.mp3	i bought one postcard at the post office
common_voice_id_19083106.mp3	only my mother really understands me
common_voice_id_19083107.mp3	if god does not exist pens might not be found
common_voice_id_19083108.mp3	life in jail is worse than an animal's life
common_voice_id_19083109.mp3	i know what tom saw
common_voice_id_19083761.mp3	tom didn't mean it that way
common_voice_id_19083762.mp3	cats can see even in the dark places
common_voice_id_19083765.mp3	i never thought i could meet you
common_voice_id_19083769.mp3	i can't stop thinking about what they did to me
common_voice_id_19083770.mp3	i beg for your help
common_voice_id_19083780.mp3	he hasn't arrived yet he must have missed the bus
common_voice_id_19083782.mp3	tom turns the door handle slowly
common_voice_id_19083783.mp3	we all wear uniforms to school
common_voice_id_19083784.mp3	we hope that he will return soon
common_voice_id_19083785.mp3	can you make an overseas call with that phone
common_voice_id_19083789.mp3	i am sure i will be able to find it
common_voice_id_19083792.mp3	everyone is familiar with my name in my school
common_voice_id_19083793.mp3	i wish she is going to wait for me
common_voice_id_19083794.mp3	i wear a black suit when i go to the company
common_voice_id_19083795.mp3	we have two children
common_voice_id_19090410.mp3	hurry and go he said to me
common_voice_id_19090411.mp3	mr kimura's things are small and light
common_voice_id_19090412.mp3	behind the house there is a car
common_voice_id_19090413.mp3	please ask him
common_voice_id_19090414.mp3	what did the doctor say
common_voice_id_19115383.mp3	a mouse ran across the road
common_voice_id_19115384.mp3	who was found the island
common_voice_id_19115385.mp3	you cannot live in this area any longer
common_voice_id_19115386.mp3	don't know where to go
common_voice_id_19115387.mp3	i can speak english
common_voice_id_19115403.mp3	i'll give you a bicycle on your birthday
common_voice_id_19115404.mp3	can i talk to mr sato
common_voice_id_19115405.mp3	a promise is a promise
common_voice_id_19115406.mp3	still lacking one more box
common_voice_id_19115407.mp3	my hobby is playing piano
common_voice_id_19115413.mp3	p l n is an acronym for state electricity company
common_voice_id_19115414.mp3	don't worry i will take care of you by myself
common_voice_id_19115415.mp3	thank you very much
common_voice_id_19115416.mp3	tom continued sweeping the floor
common_voice_id_19115417.mp3	mr kimura showed me the photo
common_voice_id_19115423.mp3	i work eight hours every day
common_voice_id_19115434.mp3	i bought three fishes at the supermarket yesterday
common_voice_id_19115456.mp3	tom once owned this cluster land
common_voice_id_19115457.mp3	thank you
common_voice_id_19115458.mp3	the government delivered stuffs to the small island by helicopter
common_voice_id_19115459.mp3	his mother always complains about that
common_voice_id_19115460.mp3	do you think who you are
common_voice_id_19115461.mp3	i put the film in the camera
common_voice_id_19115463.mp3	the questions are written on page fifteen
common_voice_id_19115483.mp3	i will look for a cheaper room
common_voice_id_19162489.mp3	do you believe in god
common_voice_id_19162490.mp3	i will call my friend tonight
common_voice_id_19162491.mp3	where will you go this summer
common_voice_id_19162492.mp3	sit there
common_voice_id_19162493.mp3	i am responsible for my child's failure
common_voice_id_19162511.mp3	i am a student but my brother is a company staff
common_voice_id_19162514.mp3	i am just thinking you don't care about money
common_voice_id_19162515.mp3	do you have a car
common_voice_id_19162517.mp3	this sentence is grammatically correct
common_voice_id_19162518.mp3	there are several shops near my house
common_voice_id_19162529.mp3	tom must be found as soon as possible
common_voice_id_19162530.mp3	look even a dog isn't as dirty as your dog
common_voice_id_19162533.mp3	have you ever heard of something like that
common_voice_id_19162534.mp3	please eat
common_voice_id_19162535.mp3	want to try one bite
common_voice_id_19162554.mp3	the girl is jumping
common_voice_id_19162555.mp3	the earth is one of planets
common_voice_id_19162556.mp3	he lives right opposite to our stay
common_voice_id_19162562.mp3	my name is yamada
common_voice_id_19162564.mp3	tonight i leave the office early and go home
common_voice_id_19162565.mp3	i'm glad to hear that
common_voice_id_19162566.mp3	i don't want to hear your complaint again
common_voice_id_19162567.mp3	you can't ride a horse
common_voice_id_19162568.mp3	i put money in my pocket
common_voice_id_19186129.mp3	i am busy
common_voice_id_19193175.mp3	i'm not looking for anything
common_voice_id_19193176.mp3	there are ten in all
common_voice_id_19193177.mp3	everyone sing songs together
common_voice_id_19193178.mp3	he doesn't know any of us
common_voice_id_19193179.mp3	i am the only one who didn't fall into the trap
common_voice_id_19193180.mp3	may i go with you
common_voice_id_19193181.mp3	my family name is wang
common_voice_id_19193182.mp3	tom said everyone did it
common_voice_id_19193183.mp3	he is like a father to me
common_voice_id_19193184.mp3	i didn't hear the rumor yesterday
common_voice_id_19194788.mp3	because the dog in the neighbor's house was noisy i could not study
common_voice_id_19194789.mp3	i am not kidding
common_voice_id_19194790.mp3	you must be counting false
common_voice_id_19194791.mp3	there is a small dog in the box
common_voice_id_19194792.mp3	the television is next to the piano
common_voice_id_19194805.mp3	i didn't go to school because of fever yesterday
common_voice_id_19194807.mp3	i want the book he said to himself
common_voice_id_19194811.mp3	he did a very stupid thing
common_voice_id_19194812.mp3	the regulations require every citizen to pay taxes
common_voice_id_19194834.mp3	this is the third longest river in the world
common_voice_id_19194835.mp3	mila has a story book
common_voice_id_19194836.mp3	i want to drink hot tea
common_voice_id_19270598.mp3	he is sleeping with two pillows
common_voice_id_19270599.mp3	having dinner every day from my own cooking
common_voice_id_19270601.mp3	it seems like his father is in the hospital
common_voice_id_19270602.mp3	i had a strange dream last night
common_voice_id_19270603.mp3	this flower is found in another part of hokkaido
common_voice_id_19270604.mp3	how about we delay it tomorrow
common_voice_id_19270605.mp3	my parents are not at home now
common_voice_id_19270606.mp3	the problem is we don't have enough money
common_voice_id_19270607.mp3	let me say goodbye to tom
common_voice_id_19270608.mp3	the baby can't walk yet
common_voice_id_19270609.mp3	someone knocked on the door
common_voice_id_19270610.mp3	i heard an interesting story from mr hayashi
common_voice_id_19270611.mp3	i eat hot dogs for lunch
common_voice_id_19270612.mp3	mary doesn't have a friend to talk to but she doesn't feel lonely
common_voice_id_19270614.mp3	i just need you
common_voice_id_19270615.mp3	by the way how old are you
common_voice_id_19270616.mp3	you should have called
common_voice_id_19270618.mp3	that's tom what is he doing out there
common_voice_id_19270619.mp3	a number of students carried out peaceful actions
common_voice_id_19270620.mp3	right now i'm having dinner
common_voice_id_19270621.mp3	i love to swim and play basketball
common_voice_id_19270622.mp3	mr lee is now in the library
common_voice_id_19270623.mp3	i will never do it again
common_voice_id_19270624.mp3	where do you want to go
common_voice_id_19270625.mp3	mr tanaka bought five cakes
common_voice_id_19270626.mp3	i'm hungry because i don't have breakfast
common_voice_id_19270627.mp3	what happened was not tom's fault
common_voice_id_19270628.mp3	they say that he was a musician when he was young
common_voice_id_19270629.mp3	i am from singapore
common_voice_id_19270630.mp3	don't you think this is risky
common_voice_id_19270631.mp3	what did the neighbors say
common_voice_id_19270632.mp3	how much it costs
common_voice_id_19270633.mp3	i turned on the computer
common_voice_id_19270634.mp3	i cry when watching a movie
common_voice_id_19270635.mp3	he was only two years old but he was able to count to one hundred
common_voice_id_19270636.mp3	don't you know that it's not polite to ask women about their age
common_voice_id_19270637.mp3	photography is an expensive hobby
common_voice_id_19276268.mp3	this problem stems from a misunderstanding
common_voice_id_19276270.mp3	you will become stronger if you practice
common_voice_id_19276272.mp3	he collected a lot of stamps
common_voice_id_19276274.mp3	it's time to wake up
common_voice_id_19276277.mp3	tom arrived early to practice today
common_voice_id_19276278.mp3	happy new year
common_voice_id_19276279.mp3	the loss was one million dollars
common_voice_id_19276280.mp3	if you want to talk anyway
common_voice_id_19276281.mp3	may i return during lunch break
common_voice_id_19276287.mp3	the trash can has been transported
common_voice_id_19276288.mp3	the golden gate bridge is made of iron
common_voice_id_19276289.mp3	please call someone who understands japanese
common_voice_id_19276290.mp3	please let us take this job
common_voice_id_19276291.mp3	go with god
common_voice_id_19305349.mp3	my pen isn't as good as yours
common_voice_id_19305350.mp3	i am proud of the work which i chose myself
common_voice_id_19305351.mp3	on the way to school i lost my wallet
common_voice_id_19305352.mp3	the committee has minimized the proposal
common_voice_id_19305353.mp3	i'm afraid that we are late
common_voice_id_19305359.mp3	i raise my hand up
common_voice_id_19305360.mp3	i don't know when he will appear
common_voice_id_19305361.mp3	i say this from the heart
common_voice_id_19305362.mp3	for this reason i cannot come with you
common_voice_id_19305363.mp3	airmail arrives faster than seamail
common_voice_id_19305369.mp3	is it true that tom thought i would believe that
common_voice_id_19305370.mp3	tomorrow i will go to hokkaido
common_voice_id_19305371.mp3	i really like sweet cakes
common_voice_id_19305372.mp3	tom climbed the stairs slowly
common_voice_id_19305373.mp3	good afternoon excuse me i'm looking for loretta
common_voice_id_19305379.mp3	one day is very short
common_voice_id_19305380.mp3	the island was once ruled by france
common_voice_id_19305381.mp3	in the sea many people are swimming
common_voice_id_19305382.mp3	the ticket is valid for a week
common_voice_id_19305383.mp3	my first day at university was rather boring
common_voice_id_19305384.mp3	in the end tom made the right decision
common_voice_id_19305385.mp3	because it's cold at night i come out carrying a coat
common_voice_id_19305386.mp3	this is a house built by jack
common_voice_id_19305387.mp3	this elevator stops from the second floor to the ninth floor
common_voice_id_19305388.mp3	birds fly in the sky
common_voice_id_19312239.mp3	life is only short and temporary
common_voice_id_19312240.mp3	why don't you remove your coat
common_voice_id_19312241.mp3	good morning tom said with a smile
common_voice_id_19312242.mp3	i am bored
common_voice_id_19312243.mp3	television does not work
common_voice_id_19312244.mp3	we will have a party at mr yamada's birthday
common_voice_id_19312245.mp3	if i go on vacation i'll rent a car
common_voice_id_19312246.mp3	you're drunk
common_voice_id_19312247.mp3	he has a white cat
common_voice_id_19312248.mp3	this table is too heavy to lift
common_voice_id_19312259.mp3	tom locked himself in the room
common_voice_id_19312260.mp3	i cannot say the opposite
common_voice_id_19312261.mp3	i'm afraid of myself
common_voice_id_19312262.mp3	i always eat this set menu at lunch
common_voice_id_19312263.mp3	the question is so difficult that no one is able to answer it
common_voice_id_19312264.mp3	there is no room for excuses when it comes from your negligence is there
common_voice_id_19312265.mp3	consciousness is unlimited and is a true reality
common_voice_id_19312266.mp3	the boy rode a horse for the first time
common_voice_id_19312267.mp3	i bought new western style clothing at the convenience store
common_voice_id_19312268.mp3	you should have watched the film
common_voice_id_19312288.mp3	who are you looking for
common_voice_id_19312289.mp3	i borrowed a book from the library and read it
common_voice_id_19312290.mp3	i went for a walk to the park at night
common_voice_id_19312292.mp3	what does this mean for you
common_voice_id_19312293.mp3	he is of high quality
common_voice_id_19312299.mp3	japanese food is tasty but expensive
common_voice_id_19312301.mp3	one of my hobbies is classical music
common_voice_id_19312302.mp3	the teacher is worried about tom who is often absent
common_voice_id_19312303.mp3	i do not know
common_voice_id_19312339.mp3	nice to meet you
common_voice_id_19312340.mp3	my mother has passed away for ten years
common_voice_id_19312341.mp3	learning foreign languages is boring
common_voice_id_19312342.mp3	he was cleaning the window glass
common_voice_id_19312343.mp3	yesterday i sent a letter to my mother
common_voice_id_19312353.mp3	the next door neighbor looked out the window as tom shouted
common_voice_id_19312355.mp3	i'm a living dead
common_voice_id_19312356.mp3	this soup is really delicious right
common_voice_id_19312357.mp3	he is crying
common_voice_id_19312358.mp3	i remove my shoes at the entrance of the house
common_voice_id_19312364.mp3	i swim even though the weather is cold
common_voice_id_19312365.mp3	we can't play tennis when the wind blows hard
common_voice_id_19312366.mp3	the audience seemed bored
common_voice_id_19312367.mp3	yesterday i met him
common_voice_id_19312368.mp3	weren't you a teacher formerly
common_voice_id_19312370.mp3	he reminded me of my grandfather
common_voice_id_19312371.mp3	mr kimura is standing over there
common_voice_id_19312372.mp3	i put a stamp on the envelope
common_voice_id_19312373.mp3	every night i study english for two hours
common_voice_id_19331645.mp3	many people lined up behind me
common_voice_id_19331646.mp3	the t v is broken
common_voice_id_19331647.mp3	receiving someone's love
common_voice_id_19331648.mp3	we compare her work with her work
common_voice_id_19331649.mp3	yesterday i was not at home all day
common_voice_id_19331655.mp3	papers are made of wood
common_voice_id_19331656.mp3	he crossed the street
common_voice_id_19331657.mp3	tom promised not to go out at midnight alone
common_voice_id_19331658.mp3	i will buy whatever clothes you want
common_voice_id_19331659.mp3	god bless you
common_voice_id_19338182.mp3	tom is aware that it is time to go now
common_voice_id_19338183.mp3	because it was raining yesterday i was at home all day
common_voice_id_19338184.mp3	lifestyle and regular food balance are the keys to a healthy life
common_voice_id_19338185.mp3	today is what date of the month
common_voice_id_19338186.mp3	i put money in my wallet
common_voice_id_19338187.mp3	the girl has been seriously injured in a traffic accident
common_voice_id_19338188.mp3	make something that can benefit many people
common_voice_id_19338189.mp3	something terrible has happened
common_voice_id_19338190.mp3	we managed to swim across the river
common_voice_id_19338191.mp3	after exiting the station go straight along that road
common_voice_id_19338192.mp3	i only speak french
common_voice_id_19338193.mp3	he reads twenty books every week
common_voice_id_19338194.mp3	we should listen to the teacher's words well during the lesson
common_voice_id_19338195.mp3	in front of the house there are two strangers
common_voice_id_19338196.mp3	all items that we produce through order
common_voice_id_19338197.mp3	where were you during the weekend
common_voice_id_19338198.mp3	our galaxy is called the milky way
common_voice_id_19338199.mp3	do you think so
common_voice_id_19338200.mp3	i consider her to be an honest female
common_voice_id_19338201.mp3	i want to know who will come with us
common_voice_id_19338202.mp3	tom has a beautiful wife
common_voice_id_19338203.mp3	in the refrigerator there are seven eggs
common_voice_id_19338204.mp3	mr matsui can play the guitar
common_voice_id_19338205.mp3	tom read mary's letter repeatedly
common_voice_id_19338206.mp3	i swim in the ocean
common_voice_id_19338207.mp3	we are looking for tom
common_voice_id_19338208.mp3	my house is close to convenient facilities in a big city
common_voice_id_19338209.mp3	this bus will take you around the city
common_voice_id_19338211.mp3	it is our responsibility to help
common_voice_id_19338222.mp3	all you need to do is sign your name here
common_voice_id_19338223.mp3	on monday wednesday and friday i have soccer practice
common_voice_id_19338224.mp3	you look different today
common_voice_id_19338225.mp3	i am a bird
common_voice_id_19338226.mp3	what made you decide to work for our company
common_voice_id_19338227.mp3	he seems very happy
common_voice_id_19338229.mp3	the dog has big ears
common_voice_id_19338233.mp3	my job is busy but interesting
common_voice_id_19338235.mp3	i can meet all your needs
common_voice_id_19338242.mp3	the experiment was successful
common_voice_id_19338243.mp3	i always sing this song at karaoke
common_voice_id_19338244.mp3	i want to know the reason
common_voice_id_19338245.mp3	he is not going anywhere
common_voice_id_19338246.mp3	tom regretted leaving his job
common_voice_id_19338247.mp3	many books are arranged on bookshelves
common_voice_id_19338248.mp3	the south gate is closed
common_voice_id_19338249.mp3	what will you give mike on his birthday
common_voice_id_19338250.mp3	can i hang your suit
common_voice_id_19338251.mp3	the policeman is chasing you
common_voice_id_19338252.mp3	not felt that they are already not far from where they live
common_voice_id_19338253.mp3	today i have not received any e-mail
common_voice_id_19338254.mp3	this is my computer
common_voice_id_19338255.mp3	the east of the city is all forests
common_voice_id_19338256.mp3	the book is small
common_voice_id_19338258.mp3	i bought souvenirs for my family
common_voice_id_19338259.mp3	i want to stay overnight
common_voice_id_19338260.mp3	tom knows if he is being followed
common_voice_id_19338261.mp3	questions must be read well when writing answers
common_voice_id_19338262.mp3	i can't understand it at all how about you
common_voice_id_19338263.mp3	the roof disappeared
common_voice_id_19338264.mp3	the house is very small
common_voice_id_19338265.mp3	so why are you still using this application
common_voice_id_19338266.mp3	how to go to the third floor
common_voice_id_19338267.mp3	we saw an island in the distance
common_voice_id_19338268.mp3	if you want to be happy then be happy
common_voice_id_19338269.mp3	i don't understand german at all
common_voice_id_19338270.mp3	andi writes to his mother every week
common_voice_id_19338271.mp3	i think this book is very interesting
common_voice_id_19338272.mp3	i do not consider him honest
common_voice_id_19338273.mp3	tom went blind
common_voice_id_19338274.mp3	you must pay attention to traffic signs
common_voice_id_19338275.mp3	i express thank you
common_voice_id_19338276.mp3	that person is always noisy during class
common_voice_id_19338277.mp3	tom has a stomachache
common_voice_id_19338278.mp3	the cellphone is broken
common_voice_id_19338279.mp3	how about your interview
common_voice_id_19338280.mp3	the bridge is open to traffic
common_voice_id_19338281.mp3	the woman bought a book about birds
common_voice_id_19338282.mp3	tom hates me
common_voice_id_19338283.mp3	what are the first five letters of your email
common_voice_id_19338284.mp3	i washed my hands when i came out of the toilet
common_voice_id_19338285.mp3	how lucky you came today
common_voice_id_19338286.mp3	starting next week there will be exams every day
common_voice_id_19338287.mp3	this shirt is pretty
common_voice_id_19338288.mp3	what are you writing about
common_voice_id_19338289.mp3	as far as i know the museum is closed every monday
common_voice_id_19338290.mp3	he wants to be an engineer
common_voice_id_19338291.mp3	see you tomorrow morning
common_voice_id_19338292.mp3	he works in a factory
common_voice_id_19338293.mp3	see you tomorrow
common_voice_id_19338294.mp3	last year i went on a trip abroad with a friend
common_voice_id_19338295.mp3	a lovely day
common_voice_id_19338296.mp3	this is the cassette i bought yesterday
common_voice_id_19338297.mp3	sorry i forgot about it
common_voice_id_19338298.mp3	i went to a friend's house after class
common_voice_id_19338299.mp3	the dog jumps
common_voice_id_19338300.mp3	have you ever climbed mount fuji
common_voice_id_19338301.mp3	mom's cooking is really good
common_voice_id_19338302.mp3	spring has come but the weather isn't warm yet
common_voice_id_19338303.mp3	my mother really likes cake
common_voice_id_19338304.mp3	my book is very heavy
common_voice_id_19338305.mp3	on the tree there is a bird
common_voice_id_19338306.mp3	european currencies weakened against the dollar
common_voice_id_19338307.mp3	what do you want from us
common_voice_id_19338308.mp3	daddy just returned home to japan
common_voice_id_19338309.mp3	stop following me
common_voice_id_19338310.mp3	this is a very beautiful country
common_voice_id_19338311.mp3	that's why he did not go to study abroad
common_voice_id_19338312.mp3	yesterday it was raining heavily
common_voice_id_19338313.mp3	i just saw tom
common_voice_id_19338314.mp3	tomorrow morning i have to do the laundry
common_voice_id_19338315.mp3	do not be afraid i will not hurt you
common_voice_id_19338316.mp3	tonight is likely to rain
common_voice_id_19338317.mp3	there are three answers to this question
common_voice_id_19338318.mp3	heat and light are needed for our existence
common_voice_id_19338319.mp3	i understand what you mean
common_voice_id_19338320.mp3	something happened
common_voice_id_19338321.mp3	mr yamada's father works hard
common_voice_id_19338322.mp3	tom likes to go around alone
common_voice_id_19338323.mp3	i didn't take the elevator but up the stairs
common_voice_id_19338324.mp3	when winter comes northern japan is very cold
common_voice_id_19338325.mp3	my boss was forced to resign
common_voice_id_19338326.mp3	you can't open a window there because it's dangerous
common_voice_id_19338327.mp3	i am very happy to meet you
common_voice_id_19338328.mp3	the color of this painting is beautiful
common_voice_id_19338329.mp3	your answer is correct
common_voice_id_19338330.mp3	what do egyptians usually eat
common_voice_id_19338331.mp3	do you think he will forgive me
common_voice_id_19338332.mp3	i will make coffee
common_voice_id_19338333.mp3	your name please
common_voice_id_19338334.mp3	please go straight ahead after passing the traffic lights it will arrive
common_voice_id_19338335.mp3	i bear all of them
common_voice_id_19338336.mp3	santa claus is falling from the sky
common_voice_id_19338337.mp3	i have a business offer with you
common_voice_id_19338338.mp3	i can not help you
common_voice_id_19338339.mp3	tom looked like he had seen a ghost
common_voice_id_19338340.mp3	what grade are you
common_voice_id_19338341.mp3	marc will sell the car
common_voice_id_19338342.mp3	he could not say that
common_voice_id_19338343.mp3	hurry up
common_voice_id_19338344.mp3	do you know him personally
common_voice_id_19338345.mp3	i am glad he can learn japanese quickly
common_voice_id_19338346.mp3	the road is parallel to the river
common_voice_id_19338347.mp3	the island is covered with ice and snow during the winter
common_voice_id_19338348.mp3	as the saying goes time is money
common_voice_id_19338349.mp3	he has a bicycle
common_voice_id_19338350.mp3	unfortunately he can't come
common_voice_id_19338351.mp3	we have had a very warm debate
common_voice_id_19338352.mp3	i don't speak kazak
common_voice_id_19338353.mp3	i walked very slowly
common_voice_id_19338354.mp3	smile now cry later
common_voice_id_19338355.mp3	i can't eat chicken
common_voice_id_19338356.mp3	they asked my father
common_voice_id_19338359.mp3	the population in the city is increasingly decreasing
common_voice_id_19338361.mp3	tom pointed to a place on the map
common_voice_id_19338363.mp3	indonesia is the largest country in the world situated in the archipelago
common_voice_id_19338365.mp3	do you like baseball bin
common_voice_id_19338366.mp3	he is of high quality
common_voice_id_19338367.mp3	what you do is more important than what you say
common_voice_id_19338368.mp3	i work here i'm not a guest
common_voice_id_19338369.mp3	no matter how hard he tried he would not succeed
common_voice_id_19338370.mp3	an orchestra is a group of musicians who play musical instruments together
common_voice_id_19338371.mp3	if we are more patient in adversity then peace and safety become ours
common_voice_id_19338377.mp3	this food is not sold in japan
common_voice_id_19338378.mp3	the ball is rolling across the net
common_voice_id_19338379.mp3	i do not want to work in this condition
common_voice_id_19338380.mp3	i have to go home
common_voice_id_19338381.mp3	the lessons are fun for me
common_voice_id_19338382.mp3	how is the condition
common_voice_id_19338383.mp3	jupiter is the fifth planet from the sun
common_voice_id_19338384.mp3	because it's raining there's no baseball game
common_voice_id_19338385.mp3	i want lightweight shoes
common_voice_id_19338386.mp3	there are four exams this week
common_voice_id_19338393.mp3	i'm sure you know what i mean
common_voice_id_19338394.mp3	every man has his honor attached
common_voice_id_19338395.mp3	we stood in front of the entrance and welcomed the guests
common_voice_id_19338396.mp3	i don't want to lack sleep because of this
common_voice_id_19338397.mp3	how about you dina
common_voice_id_19338398.mp3	students have gathered in front of the school
common_voice_id_19338399.mp3	how long have you and tom been together
common_voice_id_19338400.mp3	god bless you
common_voice_id_19338401.mp3	i read books written in japanese
common_voice_id_19338402.mp3	i do not care
common_voice_id_19338403.mp3	what are you worried about
common_voice_id_19338404.mp3	i take a taxi from the station to my company
common_voice_id_19338405.mp3	i hold chopsticks with my left hand
common_voice_id_19338406.mp3	because i was going to go to the bathroom i undressed
common_voice_id_19338407.mp3	i think tom is easy to like
common_voice_id_19338408.mp3	i do not understand that word
common_voice_id_19338409.mp3	i lost the key yesterday
common_voice_id_19338410.mp3	i really thank you for your help
common_voice_id_19338411.mp3	he was forced to sign documents
common_voice_id_19338412.mp3	i always read a book thirty minutes before going to bed
common_voice_id_19338413.mp3	tom never said goodbye
common_voice_id_19338414.mp3	this is my boat
common_voice_id_19338415.mp3	how many handkerchiefs are there
common_voice_id_19338416.mp3	it's important to read a book
common_voice_id_19338417.mp3	he always gets lost wherever he goes
common_voice_id_19338418.mp3	the west gate is closed
common_voice_id_19338419.mp3	call an ambulance
common_voice_id_19338420.mp3	humans cannot live on mars
common_voice_id_19338421.mp3	tom can you be slower down
common_voice_id_19338422.mp3	i doubt the story
common_voice_id_19338423.mp3	drug withdrawal symptoms that appear are more severe than i thought
common_voice_id_19338424.mp3	when was the last time you danced
common_voice_id_19338425.mp3	mr lee wants to play tennis
common_voice_id_19338426.mp3	people cut trees beside the road
common_voice_id_19338427.mp3	does tom know how much you spend on that
common_voice_id_19338428.mp3	tom put away his old books
common_voice_id_19338429.mp3	is there something you want to ask me
common_voice_id_19338430.mp3	even want to say anything i can't trust you anymore
common_voice_id_19338431.mp3	he might return home by another road
common_voice_id_19338432.mp3	i went to the police post because i lost my wallet
common_voice_id_19338433.mp3	the name woke my memory
common_voice_id_19338434.mp3	tom used to be very shy
common_voice_id_19338435.mp3	i'm not guilty
common_voice_id_19338436.mp3	maybe tom will like that
common_voice_id_19338437.mp3	no smoking in this room
common_voice_id_19338438.mp3	no my name is not maria my name is teresa
common_voice_id_19338439.mp3	he has been invited to a party
common_voice_id_19338440.mp3	when was your first love
common_voice_id_19338441.mp3	tom broke the law
common_voice_id_19338442.mp3	his office is close to my office
common_voice_id_19338443.mp3	i always eat bread at breakfast
common_voice_id_19338444.mp3	since the accident his health has increasingly worsened
common_voice_id_19338445.mp3	he lost everything
common_voice_id_19338446.mp3	now we can change the visualization system in the photo
common_voice_id_19338448.mp3	i do not live to eat but eat to live
common_voice_id_19338449.mp3	he hates parties
common_voice_id_19338450.mp3	yesterday i studied
common_voice_id_19338451.mp3	i have difficulties with customs
common_voice_id_19338452.mp3	mr lee what do you want to drink
common_voice_id_19338453.mp3	at first i thought he was sick
common_voice_id_19338454.mp3	i went to buy clothes
common_voice_id_19338455.mp3	the place near the sea the fish is delicious
common_voice_id_19338457.mp3	are we ready
common_voice_id_19338458.mp3	where was tom born
common_voice_id_19338459.mp3	my father won't let me travel
common_voice_id_19338460.mp3	if you turn right at the intersection there will be an embassy
common_voice_id_19338461.mp3	please turn off the cellphone
common_voice_id_19338462.mp3	did tom say anything to you about that
common_voice_id_19338463.mp3	tom might still be alive
common_voice_id_19338464.mp3	i was lent a pencil by mr matsui
common_voice_id_19338465.mp3	don't forget your homework
common_voice_id_19338466.mp3	because it was raining i went to school wearing an umbrella
common_voice_id_19338467.mp3	if you don't have this program you can download it now
common_voice_id_19338468.mp3	hold on a minute
common_voice_id_19338469.mp3	after adding sugar then i add a little soy sauce
common_voice_id_19338470.mp3	god grants god takes it
common_voice_id_19338471.mp3	the knife needs to be sharpened so it returns sharp
common_voice_id_19338473.mp3	he is eight years old
common_voice_id_19338474.mp3	tom should have closed his mouth tightly
common_voice_id_19338475.mp3	it is seven o'clock in the evening
common_voice_id_19338476.mp3	i do not want to go to school
common_voice_id_19338477.mp3	the next agenda is the break
common_voice_id_19338478.mp3	neptune is the eighth planet in the solar system
common_voice_id_19338479.mp3	today it is very hot
common_voice_id_19338481.mp3	naturally he was proud of his son
common_voice_id_19338482.mp3	we run out of money
common_voice_id_19338483.mp3	he lives in the countryside
common_voice_id_19338484.mp3	nice to meet you mr tamori
common_voice_id_19338485.mp3	mila wears a pink veil
common_voice_id_19338486.mp3	tom shouldn't even be there
common_voice_id_19338502.mp3	harvest season has arrived
common_voice_id_19338503.mp3	her uterus is a twin
common_voice_id_19338504.mp3	the lessons always start at nine o'clock
common_voice_id_19338505.mp3	my wife is obsessed with cleanliness
common_voice_id_19338506.mp3	she saw him eating sandwiches
common_voice_id_19338512.mp3	i want to learn arabic
common_voice_id_19338513.mp3	i have a white cat
common_voice_id_19338514.mp3	i wonder if tom still remembers how to do it
common_voice_id_19338515.mp3	your shoes aren't tied yet
common_voice_id_19338516.mp3	tom's parents are teachers
common_voice_id_19338517.mp3	i can't finish reading this thick book in a week
common_voice_id_19338518.mp3	tom and mary play tennis all day
common_voice_id_19338519.mp3	what is unusual in one place can become commonplace elsewhere
common_voice_id_19338520.mp3	i am not familiar with that job
common_voice_id_19338521.mp3	merauke is the easternmost city in indonesia
common_voice_id_19338522.mp3	do you like indonesian foods
common_voice_id_19338523.mp3	i go shopping with friends and get in the coffee shop
common_voice_id_19338525.mp3	it's very important to obey the rules
common_voice_id_19338526.mp3	french has more vowels than japanese
common_voice_id_19338527.mp3	i am bored to hear that
common_voice_id_19338528.mp3	round the edges a little
common_voice_id_19338529.mp3	this book suits your needs
common_voice_id_19338530.mp3	tatoeba because the language is not just a collection of words
common_voice_id_19338531.mp3	i agree to this plan
common_voice_id_19338537.mp3	the harvest season comes when the dry season has arrived
common_voice_id_19338538.mp3	in other words he is lazy
common_voice_id_19338539.mp3	this is my house key
common_voice_id_19338540.mp3	he always sees you he must fall in love with you
common_voice_id_19338541.mp3	he takes the guitar to sing
common_voice_id_19338542.mp3	he doesn't play the piano well
common_voice_id_19338543.mp3	i bought a new camera
common_voice_id_19338544.mp3	war cannot last much longer
common_voice_id_19338545.mp3	i washed my clothes thoroughly
common_voice_id_19338546.mp3	the man wearing the glasses is mr matsui
common_voice_id_19338552.mp3	do you know that tom works there
common_voice_id_19338553.mp3	tom took over the situation
common_voice_id_19338554.mp3	please sit
common_voice_id_19338555.mp3	is it cold outside
common_voice_id_19338556.mp3	i went to the university yesterday
common_voice_id_19338557.mp3	wow it's fast this morning
common_voice_id_19338558.mp3	yesterday's test was very difficult
common_voice_id_19338559.mp3	i ate hotdog this afternoon
common_voice_id_19338560.mp3	tom lost his interest in learning french
common_voice_id_19338561.mp3	today my friend's laptop is still error
common_voice_id_19338566.mp3	tom just wants to give his hands
common_voice_id_19338567.mp3	the star shining up there is jupiter
common_voice_id_19338569.mp3	i step down as a teacher
common_voice_id_19338570.mp3	he is a doctor
common_voice_id_19338571.mp3	strawberries are in season now
common_voice_id_19338572.mp3	as soon as the neighbors saw john selling drugs they reported him to the authorities
common_voice_id_19338573.mp3	what do you think this means
common_voice_id_19338574.mp3	astronomy is an expensive hobby
common_voice_id_19338575.mp3	what is ken doing now
common_voice_id_19338576.mp3	i would rather be at home than going outside
common_voice_id_19338582.mp3	the island is located two miles from the coast
common_voice_id_19338583.mp3	the united states borders with canada
common_voice_id_19338584.mp3	the plan is being discussed
common_voice_id_19338585.mp3	it seems like my suitcase has been stolen
common_voice_id_19338586.mp3	all major cities face traffic problems
common_voice_id_19338587.mp3	help me
common_voice_id_19338588.mp3	the key is in the cupboard
common_voice_id_19338589.mp3	it seems to me that it's too expensive
common_voice_id_19338590.mp3	last year there wasn't much snow
common_voice_id_19338593.mp3	he told his experience
common_voice_id_19338594.mp3	there are a lot of furniture in this room
common_voice_id_19338595.mp3	you are older than tom
common_voice_id_19338596.mp3	japan is a narrow country
common_voice_id_19338602.mp3	you need it
common_voice_id_19338603.mp3	he helped me
common_voice_id_19338604.mp3	mr yamada is outside the classroom
common_voice_id_19338605.mp3	they attended it
common_voice_id_19338606.mp3	the big and black bag is mine
common_voice_id_19338607.mp3	he seemed unaware of the problem between my father and me
common_voice_id_19338608.mp3	it seems he changed his mind
common_voice_id_19338609.mp3	the water pump is broken
common_voice_id_19338611.mp3	i will play the piano at the concert next month
common_voice_id_19338615.mp3	on weekends i climb the mountains with friends
common_voice_id_19338617.mp3	the problem is i don't have money
common_voice_id_19338619.mp3	i will be fine tomorrow
common_voice_id_19338620.mp3	how is the weather today
common_voice_id_19338621.mp3	yesterday it was very hot
common_voice_id_19338627.mp3	i'm sorry but we can't get you out
common_voice_id_19338628.mp3	you cannot smoke in this room
common_voice_id_19338629.mp3	i guess you feel the same way
common_voice_id_19338630.mp3	sorry is this the right way to the metro station
common_voice_id_19338631.mp3	something happened on park street
common_voice_id_19338632.mp3	there are always exceptions to the rules
common_voice_id_19338633.mp3	he is sitting on the sofa and reading a magazine
common_voice_id_19338634.mp3	there is much water
common_voice_id_19338635.mp3	i don't believe him
common_voice_id_19338636.mp3	mr hayashi worked abroad for a year and a half
common_voice_id_19338642.mp3	i hold a book
common_voice_id_19338643.mp3	i want to visit paris new york and tokyo someday
common_voice_id_19338644.mp3	children learn to respond to rhyming sounds from a young age
common_voice_id_19338645.mp3	i am very grateful
common_voice_id_19338647.mp3	where did you get those weird shoes
common_voice_id_19338648.mp3	do you believe that our destinies are influenced by stars
common_voice_id_19338649.mp3	it is unhealthy food for the body
common_voice_id_19338650.mp3	my hobby is collecting overseas stamps
common_voice_id_19338651.mp3	i need a new bicycle
common_voice_id_19338652.mp3	tom might be seriously ill
common_voice_id_19338653.mp3	when i was entering the cafe i was seeing two young men watching a wrestling match on television
common_voice_id_19338654.mp3	i am not good at singing
common_voice_id_19338655.mp3	please wait a moment
common_voice_id_19338656.mp3	when will this project be completed
common_voice_id_19338657.mp3	how is your mother
common_voice_id_19338658.mp3	john arrived in japan yesterday
common_voice_id_19338659.mp3	you also work well okay
common_voice_id_19338660.mp3	he is not like usual to me
common_voice_id_19338661.mp3	the subway is affordable fast and practical
common_voice_id_19338662.mp3	a mother's letter from the home country has already arrived
common_voice_id_19338663.mp3	i will make a cake for marry's birthday
common_voice_id_19338664.mp3	it's good that tom did it
common_voice_id_19338665.mp3	tom lost his job
common_voice_id_19338666.mp3	this is the last one
common_voice_id_19338668.mp3	it's a bit possible tom will win the competition
common_voice_id_19338669.mp3	i'm hunting a stag
common_voice_id_19338670.mp3	i found a dead cockroach in the meeting room
common_voice_id_19338671.mp3	i washed my hands with soap
common_voice_id_19338672.mp3	today i went to watch a movie with mr lee
common_voice_id_19338673.mp3	i think you should talk to tom about this
common_voice_id_19338674.mp3	i really want to drink coffee
common_voice_id_19338675.mp3	i have had a sore throat since yesterday
common_voice_id_19338676.mp3	what does emi look like
common_voice_id_19338677.mp3	he wants to sing as his career
common_voice_id_19338679.mp3	mr matsui is good at cooking
common_voice_id_19338680.mp3	i'm broke
common_voice_id_19338681.mp3	he acts like a saint
common_voice_id_19344396.mp3	there are wavelengths of light that are invisible to the humans' eyes
common_voice_id_19344397.mp3	tomorrow i will meet mr lee and give him a souvenir
common_voice_id_19344398.mp3	why did you fail the entrance exam
common_voice_id_19344399.mp3	let's go and see
common_voice_id_19344400.mp3	i miss you
common_voice_id_19344401.mp3	do you have time for a meeting next week
common_voice_id_19344402.mp3	i'm not afraid of ghosts
common_voice_id_19344403.mp3	laughter is the most effective medicine
common_voice_id_19344404.mp3	tom doesn't like the idea
common_voice_id_19344405.mp3	i wear glasses because my eyesight is bad
common_voice_id_19344406.mp3	this is a problem that you have to solve yourself
common_voice_id_19344407.mp3	i cannot approve this project there are still many unsatisfying things
common_voice_id_19344408.mp3	i accidentally met him at the airport yesterday
common_voice_id_19344409.mp3	that's not what i'm looking for
common_voice_id_19344410.mp3	tom lived most of his life in boston
common_voice_id_19344411.mp3	tom said he wanted to rule the world
common_voice_id_19344412.mp3	my sister is living in tokyo alone now
common_voice_id_19344413.mp3	the bus hasn't arrived yet
common_voice_id_19344414.mp3	my dad's birthday is the fifth of june
common_voice_id_19344415.mp3	the north gate is closed
common_voice_id_19362865.mp3	i can't eat this
common_voice_id_19362868.mp3	after inserting the money i pressed the button
common_voice_id_19362870.mp3	when i reached the station the train had departed
common_voice_id_19362872.mp3	last time i met tom in front of the station
common_voice_id_19362874.mp3	good night mam
common_voice_id_19362885.mp3	which dictionary do you want to make a reference for
common_voice_id_19362886.mp3	there are more cars on the road in summer than in winter
common_voice_id_19362887.mp3	i call your name
common_voice_id_19362888.mp3	because the walls of this room are thin i speak slowly
common_voice_id_19362889.mp3	tom came here asking our help
common_voice_id_19362890.mp3	maria is a nerd
common_voice_id_19362892.mp3	don't you think this is risky
common_voice_id_19362897.mp3	listening to the such words coming from the lips of the seventeen year old
common_voice_id_19362899.mp3	i checked the exam answers
common_voice_id_19362902.mp3	i am not sure when he will return
common_voice_id_19362911.mp3	tom really missed his family
common_voice_id_19362912.mp3	why is this a secret
common_voice_id_19362913.mp3	i called her
common_voice_id_19362914.mp3	i need to know why you didn't come yesterday
common_voice_id_19362915.mp3	i have been abroad several times this year
common_voice_id_19362916.mp3	i study czech
common_voice_id_19362917.mp3	when entering the house in japan the shoe should be removed
common_voice_id_19362918.mp3	there is an orchard in my house
common_voice_id_19362919.mp3	i just finished reading the book
common_voice_id_19362920.mp3	these shoes are old
common_voice_id_19362921.mp3	he looked at me with wide eyes
common_voice_id_19362922.mp3	for me there is no fundamental difference between the cultures of the two countries
common_voice_id_19362923.mp3	the bus has arrived
common_voice_id_19362924.mp3	are you sure
common_voice_id_19362925.mp3	berlin is the largest city in germany
common_voice_id_19362929.mp3	i copied the books in the library
common_voice_id_19362931.mp3	i was born on the twenty sixth of august
common_voice_id_19362933.mp3	the dagger was stuck on the tree
common_voice_id_19362934.mp3	hi mr tanaka good night
common_voice_id_19362935.mp3	i heard from the teacher that new students will come next month
common_voice_id_19362936.mp3	eat please
common_voice_id_19362937.mp3	guests sit for a few minutes but seeing everything
common_voice_id_19362938.mp3	you will become smarter in japanese little by little when you study
common_voice_id_19362939.mp3	watch your mouth
common_voice_id_19362940.mp3	it's time for me to leave i have to go now
common_voice_id_19362941.mp3	get ready for evacuation
common_voice_id_19362942.mp3	he won a car
common_voice_id_19362943.mp3	the children here are students in the same school
common_voice_id_19362944.mp3	the wind was blowing strong from the south
common_voice_id_19362945.mp3	nobody knows where he escaped
common_voice_id_19362946.mp3	giving birth inside the grave
common_voice_id_19362947.mp3	my camera is waterproof
common_voice_id_19362948.mp3	water and bread provide health
common_voice_id_19362949.mp3	this is my room
common_voice_id_19362950.mp3	my brother did that on my behalf
common_voice_id_19364487.mp3	don't make mistakes like this again
common_voice_id_19364488.mp3	are there other choices
common_voice_id_19364489.mp3	i hear tomorrow the wind is blowing hard
common_voice_id_19364490.mp3	the vase is broken into pieces
common_voice_id_19364491.mp3	he loves his children
common_voice_id_19364502.mp3	tom might forget this here
common_voice_id_19364503.mp3	you can contact him by calling this number
common_voice_id_19364504.mp3	not all animals are wild
common_voice_id_19364505.mp3	who is responsible for this loss
common_voice_id_19364506.mp3	the young and cheerful one is mr yamada
common_voice_id_19364517.mp3	please show me your injured arm
common_voice_id_19364518.mp3	today is more cloudy than yesterday
common_voice_id_19364519.mp3	he was selected to become a member of the team
common_voice_id_19364520.mp3	there are two cars at mr tanaka's house
common_voice_id_19364526.mp3	i leave the class
common_voice_id_19364537.mp3	he might be missed the train
common_voice_id_19364538.mp3	this river flows into lake ontario
common_voice_id_19364539.mp3	everything can be used
common_voice_id_19364542.mp3	every morning after waking up my father reads the newspaper
common_voice_id_19364548.mp3	please ask over the phone if you don't know the direction
common_voice_id_19364554.mp3	i have a toothache
common_voice_id_19364556.mp3	what time is it at ten thirty
common_voice_id_19364557.mp3	who is mona lisa
common_voice_id_19364558.mp3	do not read in this room
common_voice_id_19364559.mp3	can you speak indonesian
common_voice_id_19364572.mp3	it looks like it will rain
common_voice_id_19364573.mp3	i met him on the way
common_voice_id_19364574.mp3	anger is useless
common_voice_id_19364575.mp3	god gives children god will give him bread
common_voice_id_19364576.mp3	this is what i do for a living
common_voice_id_19364587.mp3	i am about to cut my hair at the barber shop next week
common_voice_id_19364590.mp3	i want to invite you to a party
common_voice_id_19364596.mp3	he is none other than a liar
common_voice_id_19364598.mp3	how long have you lived in tokyo
common_voice_id_19364600.mp3	i heard your son participating in the student movement
common_voice_id_19364607.mp3	tom was very surprised
common_voice_id_19364608.mp3	i took medicine because i caught a cold
common_voice_id_19364612.mp3	i don't really like writing letters
common_voice_id_19364615.mp3	i love instrumental music
common_voice_id_19364616.mp3	to his left sat his mother
common_voice_id_19364637.mp3	the cities have similarities in the traffic rules
common_voice_id_19364638.mp3	maybe you can succeed
common_voice_id_19364639.mp3	look at me
common_voice_id_19364640.mp3	before eating rice i wash my hands
common_voice_id_19364641.mp3	he has never seen a dentist in his life
common_voice_id_19364662.mp3	the truck is under maintenance
common_voice_id_19364663.mp3	i know that you did it
common_voice_id_19364664.mp3	that's the japanese dictionary
common_voice_id_19364665.mp3	is that really true
common_voice_id_19364671.mp3	tom may have known the answer
common_voice_id_19371060.mp3	humans are destined to suffer
common_voice_id_19371061.mp3	yes that can be solved easily
common_voice_id_19371062.mp3	can i have a pillow
common_voice_id_19371063.mp3	his hand was injured when falling
common_voice_id_19371064.mp3	good question
common_voice_id_19371070.mp3	tom went to school along with my son
common_voice_id_19371071.mp3	it will be april one tomorrow
common_voice_id_19371072.mp3	this time you have to do it by yourself
common_voice_id_19371073.mp3	naoko lives in the white house
common_voice_id_19371074.mp3	he was terminated for stealing
common_voice_id_19371080.mp3	i don't know whether to cry or laugh
common_voice_id_19371081.mp3	don't forget to see me at the station
common_voice_id_19371082.mp3	i should write my essay in english no later than the fourth
common_voice_id_19371083.mp3	it is sunday but i have to work
common_voice_id_19371084.mp3	to the right of mr tanaka is mr yamada
common_voice_id_19371085.mp3	i have waited for two hours i can't wait any longer
common_voice_id_19371086.mp3	your package has arrived
common_voice_id_19371087.mp3	i want to be more proficient in english
common_voice_id_19371088.mp3	whatever he says i won't change my mind
common_voice_id_19371089.mp3	this restaurant is big and beautiful
common_voice_id_19371090.mp3	the window is hard to close
common_voice_id_19371091.mp3	we have three more
common_voice_id_19371092.mp3	he was nervous before the entrance exam
common_voice_id_19371093.mp3	he asked her to send this letter
common_voice_id_19371094.mp3	i don't live in maigo now
common_voice_id_19371095.mp3	i doubt you will be glad to see my report
common_voice_id_19371096.mp3	a building is being built in front of my house
common_voice_id_19371097.mp3	my friend works as a tour guide
common_voice_id_19371098.mp3	the scientists debate his theory about the extinction of dinosaurs
common_voice_id_19371099.mp3	do you know about her brother
common_voice_id_19371105.mp3	i am not blind
common_voice_id_19371106.mp3	can i have a fire
common_voice_id_19371107.mp3	i went home with everyone
common_voice_id_19371108.mp3	the teacher's lesson is interesting
common_voice_id_19371109.mp3	i can't answer all your questions
common_voice_id_19371110.mp3	you might not like what you hear
common_voice_id_19371111.mp3	my mother experienced a complete recovery from neuralgia
common_voice_id_19371112.mp3	i did nothing during last week's vacation
common_voice_id_19371113.mp3	so what do you suggest
common_voice_id_19371114.mp3	everyone needs a place called home
common_voice_id_19371115.mp3	don't let tom listen to you say that
common_voice_id_19371116.mp3	i cook it with sugar and salt
common_voice_id_19371117.mp3	that big bag is mine
common_voice_id_19371118.mp3	we make the race now lively
common_voice_id_19371119.mp3	maybe you ask why did i go there
common_voice_id_19371120.mp3	always give a path that comes from the right
common_voice_id_19371121.mp3	tom has a headache
common_voice_id_19371122.mp3	tom said he was busy today
common_voice_id_19371123.mp3	he has a few teeth
common_voice_id_19371124.mp3	did you get enough sleep
common_voice_id_19371125.mp3	because there was no news from mom i was worried
common_voice_id_19371126.mp3	please turn off the room lights
common_voice_id_19371127.mp3	i always have lunch here
common_voice_id_19371128.mp3	i went to bali during summer vacation
common_voice_id_19371129.mp3	tom looked like he had seen a demon
common_voice_id_19376334.mp3	don't forget that
common_voice_id_19376335.mp3	i want a japanese dictionary
common_voice_id_19376336.mp3	how do you know each other
common_voice_id_19376337.mp3	a small road crosses the bridge through the countryside and towards the hill
common_voice_id_19376338.mp3	yesterday's party was fun but i'm a little tired
common_voice_id_19376340.mp3	among others he is the best at swimming
common_voice_id_19376341.mp3	the fragrance has a calming aroma
common_voice_id_19376342.mp3	the school is near the house
common_voice_id_19376344.mp3	speaking japanese is easy for me
common_voice_id_19376354.mp3	he ran as fast as possible
common_voice_id_19376360.mp3	no one knows you are here
common_voice_id_19376361.mp3	i like both bread and rice
common_voice_id_19376362.mp3	i am hungry
common_voice_id_19376363.mp3	there is a kanji examination every day at school
common_voice_id_19376364.mp3	tom might think that i don't like him
common_voice_id_19376370.mp3	my sister will attend university next year
common_voice_id_19376371.mp3	i bought a magazine at a bookstore
common_voice_id_19376372.mp3	tom looked like he had lost his best friend
common_voice_id_19376373.mp3	we were all present at the meeting
common_voice_id_19376374.mp3	tom is afraid to die
common_voice_id_19376375.mp3	do you understand what you said
common_voice_id_19376376.mp3	they haven't returned home yet
common_voice_id_19376380.mp3	you always complain about your husband
common_voice_id_19376383.mp3	tom took a knife and examined it
common_voice_id_19376384.mp3	this morning i saw an angel
common_voice_id_19376386.mp3	nobody understands me
common_voice_id_19376388.mp3	he knows where i live
common_voice_id_19376391.mp3	you should talk to tom directly
common_voice_id_19376393.mp3	i often commute tokyo and osaka by plane
common_voice_id_19376394.mp3	at night everything looks different
common_voice_id_19376395.mp3	do you love him
common_voice_id_19376396.mp3	there are no chairs in this room
common_voice_id_19376397.mp3	i went to the bank and deposited money
common_voice_id_19376398.mp3	the guide drove us to the hotel
common_voice_id_19376400.mp3	i have never heard him speaking english
common_voice_id_19376410.mp3	i have explained to him
common_voice_id_19376411.mp3	you will have kanji examination next week
common_voice_id_19376412.mp3	starting next year my brother works for a bank
common_voice_id_19376413.mp3	ask where he lives
common_voice_id_19376414.mp3	i have to wash my hands
common_voice_id_19376420.mp3	this computer is expensive but very good
common_voice_id_19376421.mp3	try asking you
common_voice_id_19376425.mp3	tom moved here three months ago
common_voice_id_19376428.mp3	i always take a shower before going to bed
common_voice_id_19376429.mp3	do you know why the sky looks blue
common_voice_id_19392485.mp3	he is having lunch now
common_voice_id_19392486.mp3	are we allowed to use the elevator
common_voice_id_19392487.mp3	the assignment will be collected in two weeks
common_voice_id_19392488.mp3	all falling apples are eaten by pigs
common_voice_id_19392489.mp3	english is also studied in china
common_voice_id_19392492.mp3	you have to pay the price
common_voice_id_19392493.mp3	i came out carrying a coat
common_voice_id_19392494.mp3	his father called him tom
common_voice_id_19392496.mp3	what do you usually do on sundays
common_voice_id_19392497.mp3	i want you to reconsider your decision
common_voice_id_19392503.mp3	i made a table by myself
common_voice_id_19392504.mp3	please get the salt here it is
common_voice_id_19392505.mp3	japan's main agricultural product is rice
common_voice_id_19392506.mp3	i want to talk to your father about this
common_voice_id_19392507.mp3	the short man is mr kimura
common_voice_id_19392523.mp3	my house is next to a tall tree
common_voice_id_19392524.mp3	it is not allowed to speak to others
common_voice_id_19392525.mp3	his free time is used to play golf
common_voice_id_19392526.mp3	now they haven't arrived yet
common_voice_id_19392527.mp3	i am just curious what we will we do this time next year
common_voice_id_19392538.mp3	why didn't you have dinner with us
common_voice_id_19392539.mp3	this room stinks
common_voice_id_19392540.mp3	yesterday i watched television then i studied japanese
common_voice_id_19392541.mp3	every week my father saves his partial salary
common_voice_id_19392542.mp3	i also left
common_voice_id_19392714.mp3	i like animals very much
common_voice_id_19392719.mp3	this story is true
common_voice_id_19392723.mp3	i am so tired
common_voice_id_19392726.mp3	keep calm and be aware
common_voice_id_19392729.mp3	the noise from the crowded streets kept me up all night
common_voice_id_19392737.mp3	i am in a nice house
common_voice_id_19392738.mp3	tom ran all the way
common_voice_id_19392740.mp3	if angry count to four if very angry swear
common_voice_id_19392744.mp3	where did you buy the clothes
common_voice_id_19392749.mp3	i understand your feelings but it has been over
common_voice_id_19392780.mp3	the muddy road has ruined my new shoes
common_voice_id_19392784.mp3	really
common_voice_id_19392785.mp3	this plane is very bad
common_voice_id_19392786.mp3	i take off my shoes and wear sandals
common_voice_id_19392792.mp3	when did you wake up
common_voice_id_19392793.mp3	the island is in western japan
common_voice_id_19392795.mp3	my house has already had fire insurance
common_voice_id_19392796.mp3	the university admission starts on april
common_voice_id_19392797.mp3	introspect yourself not blame others
common_voice_id_19392799.mp3	global climate change may be the cause of the extinction of dinosaurs
common_voice_id_19392804.mp3	wake me up at eight o'clock
common_voice_id_19392808.mp3	i left the house without eating rice this morning
common_voice_id_19392814.mp3	god has given you days god will give you foods
common_voice_id_19404258.mp3	i drink a glass of cold milk every morning
common_voice_id_19404259.mp3	his mother is writing a letter
common_voice_id_19404330.mp3	japanese companies generally provide uniforms for their employees
common_voice_id_19404331.mp3	he arrived here last night
common_voice_id_19404332.mp3	diligently studying he is lazy to socialize
common_voice_id_19404334.mp3	i turned on the room lights and studied
common_voice_id_19404337.mp3	where do we go after we die
common_voice_id_19404341.mp3	children are the flowers of our life
common_voice_id_19404343.mp3	the task is almost done
common_voice_id_19404345.mp3	and i know you didn't do it for me
common_voice_id_19404347.mp3	this mango is sweet
common_voice_id_19404348.mp3	united we stand divided we fall
common_voice_id_19404355.mp3	she said so
common_voice_id_19404356.mp3	please spread out the curtain
common_voice_id_19404357.mp3	she is very annoying today
common_voice_id_19404358.mp3	really want to learn japanese together
common_voice_id_19404359.mp3	i am writing a letter
common_voice_id_19404365.mp3	we should not need to sell our house
common_voice_id_19404366.mp3	spirit
common_voice_id_19404367.mp3	tom is pointing to the floor
common_voice_id_19404368.mp3	add words into the sentence
common_voice_id_19404369.mp3	i intend to travel to europe with a friend
common_voice_id_19404374.mp3	you may smoke in this room
common_voice_id_19404375.mp3	i don't want to miss the plane
common_voice_id_19404376.mp3	if the heater is turned on the air will be warm
common_voice_id_19404377.mp3	before going to sleep i always brush my teeth
common_voice_id_19404378.mp3	sorry i don't understand your words
common_voice_id_19404383.mp3	i walk to school every day
common_voice_id_19404384.mp3	brazil is a country whose football is very strong
common_voice_id_19404385.mp3	mr yamada is the tallest in the class
common_voice_id_19404386.mp3	it is enough for today's lesson if so see you next week
common_voice_id_19404387.mp3	it is prohibited to talk next students during the class
common_voice_id_19404398.mp3	he was born in the nineties
common_voice_id_19404399.mp3	he is pretending that's it that's why he doesn't snore
common_voice_id_19404400.mp3	i want him in my office
common_voice_id_19404401.mp3	the man does not come said the woman
common_voice_id_19404402.mp3	my aunt made me a new skirt
common_voice_id_19404409.mp3	the salon is next to the station
common_voice_id_19404414.mp3	understood
common_voice_id_19404415.mp3	small cell phone and very practical
common_voice_id_19404416.mp3	tom cancelled his marriage because of a traffic accident
common_voice_id_19404417.mp3	are there any shipping costs
common_voice_id_19404431.mp3	shut up
common_voice_id_19404435.mp3	this class wall is thick
common_voice_id_19404442.mp3	tomorrow's lesson will be finished in the morning
common_voice_id_19404444.mp3	i look forward to meeting you
common_voice_id_19404445.mp3	it is my last hope
common_voice_id_19404458.mp3	it is not a trick
common_voice_id_19404459.mp3	please don't eat too much
common_voice_id_19404461.mp3	your answer doesn't make sense
common_voice_id_19404464.mp3	i wake up at half past seven
common_voice_id_19404467.mp3	are you in a hurry
common_voice_id_19487312.mp3	we can not sleep because of the noises
common_voice_id_19487313.mp3	iron is more useful than gold
common_voice_id_19487314.mp3	to be reluctant to make in queries will make one go astray
common_voice_id_19487315.mp3	i give you my word
common_voice_id_19487316.mp3	i will return the book to the library later
common_voice_id_19487317.mp3	are you married or not
common_voice_id_19487318.mp3	do you know about your own family
common_voice_id_19487319.mp3	he cried sadly at the interview with reporters
common_voice_id_19487320.mp3	i'm sorry for being late
common_voice_id_19487321.mp3	making things worse the traffic is bad
common_voice_id_19487323.mp3	the love is mad
common_voice_id_19487324.mp3	i borrowed mr kimura's books
common_voice_id_19487325.mp3	after climbing mount fuji i was inspired to write poetry
common_voice_id_19487326.mp3	it was constantly cloudy yesterday
common_voice_id_19487327.mp3	he used to smoke but not anymore now
common_voice_id_19487330.mp3	i plan to travel to hokkaido tomorrow
common_voice_id_19487331.mp3	why didn't you attend the class
common_voice_id_19487332.mp3	is it yours
common_voice_id_19487333.mp3	there is a cat in front of the house fence
common_voice_id_19487334.mp3	okay i'll accept your offer
common_voice_id_19487347.mp3	i studied with mr yamada in the library
common_voice_id_19487349.mp3	i understand
common_voice_id_19487350.mp3	the road is bounded by a road with a hedge
common_voice_id_19487352.mp3	why did you give him this gift
common_voice_id_19487358.mp3	is he tom
common_voice_id_19487359.mp3	i am happy to be here
common_voice_id_19487360.mp3	mr tanaka is a cheerful man
common_voice_id_19487361.mp3	you will get a bicycle on your birthday
common_voice_id_19487362.mp3	he was buried in his hometown
common_voice_id_19487363.mp3	i won't be able to come tomorrow
common_voice_id_19487364.mp3	left alone the little girl begins to cry
common_voice_id_19487365.mp3	mr tanaka always looks busy
common_voice_id_19487366.mp3	our car is breaking down in that street
common_voice_id_19487367.mp3	can you speak in indonesian
common_voice_id_19487368.mp3	i hear you but i can't see you
common_voice_id_19487369.mp3	he becomes forgetful and that is worrying him
common_voice_id_19487370.mp3	i don't understand english
common_voice_id_19487371.mp3	the plate is made of plastic
common_voice_id_19487372.mp3	the generous dentist gave two billion yen to charity
common_voice_id_19487375.mp3	i must remember to buy the book tomorrow
common_voice_id_19487376.mp3	think first then talk
common_voice_id_19487378.mp3	tom said he saw his name on the list
common_voice_id_19487379.mp3	give it to me
common_voice_id_19487380.mp3	welcome to the translation site
common_voice_id_19487383.mp3	the weather will get warmer after entering july
common_voice_id_19487384.mp3	we are reliable
common_voice_id_19487385.mp3	good evening
common_voice_id_19487386.mp3	you have a headache
common_voice_id_19487387.mp3	he apologized for having offended him
common_voice_id_19495337.mp3	the strong wind had damaged the tree in the garden
common_voice_id_19495338.mp3	you will forget me someday
common_voice_id_19495339.mp3	tom asked us to be quiet
common_voice_id_19495340.mp3	eating healthy foods
common_voice_id_19495341.mp3	ah the computer is broken
common_voice_id_19495347.mp3	where are you going today
common_voice_id_19495348.mp3	i was taught by my younger brother to play soccer because he was good at it
common_voice_id_19495349.mp3	tom doesn't know how much it costs
common_voice_id_19495350.mp3	do you want to eat something
common_voice_id_19495351.mp3	think about what you will get
common_voice_id_19495352.mp3	you think i'm a fool thinking you're a fool i never did it
common_voice_id_19495353.mp3	there are three chickens in my house
common_voice_id_19495354.mp3	the man is amazing
common_voice_id_19495355.mp3	this train operates between tokyo and osaka
common_voice_id_19495356.mp3	tell me everything
common_voice_id_19495362.mp3	i want to study abroad
common_voice_id_19495363.mp3	i had called him since two days ago
common_voice_id_19495364.mp3	the bus going to the airport will arrive on the opposite road
common_voice_id_19495365.mp3	someone has stolen all my money
common_voice_id_19495366.mp3	the woman bought chicken
common_voice_id_19495392.mp3	a dog chases a cat and a cat chases a mouse
common_voice_id_19495393.mp3	i have no phone books
common_voice_id_19495394.mp3	he did not come he said
common_voice_id_19495395.mp3	there are other items you want
common_voice_id_19495396.mp3	tom looks at the fuel indicator
common_voice_id_19495419.mp3	i want to sleep sleeping rather than life
common_voice_id_19495420.mp3	an article about our school was published in a newspaper
common_voice_id_19495421.mp3	wish you are here
common_voice_id_19495422.mp3	the mirror of the heart is the eye
common_voice_id_19495423.mp3	he is from somalia
common_voice_id_19495424.mp3	one egg is about fifty grams
common_voice_id_19495425.mp3	i wake up at seven in the morning have breakfast in the canteen and do exercise since eight
common_voice_id_19495426.mp3	many young men join in the war
common_voice_id_19495427.mp3	do you agree
common_voice_id_19495428.mp3	i feel sorry for not being able to participate with you
common_voice_id_19495429.mp3	only god knows how sincerely i love you
common_voice_id_19495430.mp3	he must succeed
common_voice_id_19495431.mp3	i don't want to talk about it anymore
common_voice_id_19495432.mp3	no smoking in this area
common_voice_id_19495433.mp3	i do not go to school
common_voice_id_19495439.mp3	how long have you and tom been together
common_voice_id_19495440.mp3	i want to live in a quiet and nice place
common_voice_id_19495441.mp3	he sleeps like a baby
common_voice_id_19495442.mp3	snow falls during the winter in japan
common_voice_id_19495443.mp3	the sentence was not only once spoken
common_voice_id_19495444.mp3	i learnt english when i was there
common_voice_id_19495445.mp3	it was an interview conducted with an old draft
common_voice_id_19495446.mp3	i think i'm about to sleep
common_voice_id_19495447.mp3	i'm in the same class as mr matsui
common_voice_id_19495448.mp3	tom is three years older than his wife
common_voice_id_19499746.mp3	that's remarkable
common_voice_id_19499747.mp3	don't you feel ashamed to say like that
common_voice_id_19499748.mp3	i am not a baby
common_voice_id_19499749.mp3	there is a concert in the park
common_voice_id_19499750.mp3	this is my first love
common_voice_id_19499751.mp3	it seems like there is no one in the village
common_voice_id_19499752.mp3	she is a woman with a strong personality
common_voice_id_19499753.mp3	i hate
common_voice_id_19499754.mp3	i know that woman
common_voice_id_19499755.mp3	this little girl used to live in brazil
common_voice_id_19499756.mp3	nice to meet you i look forward to hearing from you
common_voice_id_19499757.mp3	i will submit the essay to the teacher tomorrow
common_voice_id_19499758.mp3	how long do you need to sleep
common_voice_id_19499759.mp3	what is your name sir
common_voice_id_19499760.mp3	previously i had worked at a bank
common_voice_id_19499761.mp3	my family is a big family
common_voice_id_19499762.mp3	he suddenly got a good idea while taking a shower
common_voice_id_19499764.mp3	this is manna from heaven
common_voice_id_19499765.mp3	i sing while standing
common_voice_id_19499766.mp3	where is my newspaper
common_voice_id_19499767.mp3	hurting others is not good
common_voice_id_19499768.mp3	i have no money now
common_voice_id_19499769.mp3	a passport is required when going abroad
common_voice_id_19499770.mp3	we arrested tom
common_voice_id_19499771.mp3	during the summer holidays this year i go to the sea and climb up the mountains
common_voice_id_19499772.mp3	you are the mastermind behind all of these
common_voice_id_19499778.mp3	i went camping with family
common_voice_id_19499779.mp3	i went shopping to the supermarket
common_voice_id_19499780.mp3	sometimes i go sometimes i don't
common_voice_id_19499781.mp3	tom looks happy
common_voice_id_19499782.mp3	this is what tom does for a living
common_voice_id_19499783.mp3	i once climbed mount a s o
common_voice_id_19499784.mp3	this book is difficult because there are a lot of kanji
common_voice_id_19499785.mp3	i told tom to stop
common_voice_id_19499786.mp3	have you seen tom
common_voice_id_19499787.mp3	tom saw a boy waiting at the bus stop
common_voice_id_19499788.mp3	the school is on the hill
common_voice_id_19499789.mp3	i love small and cute animals
common_voice_id_19499790.mp3	i feel bad today
common_voice_id_19499791.mp3	i took two photos
common_voice_id_19499792.mp3	how long has tom been there
common_voice_id_19499794.mp3	i read a book a little then went to sleep
common_voice_id_19499795.mp3	many young people who release their adult life without a way out
common_voice_id_19499796.mp3	what were you doing
common_voice_id_19499797.mp3	is this book written by kenji
common_voice_id_19499798.mp3	that's life
common_voice_id_19499799.mp3	we talked for a while
common_voice_id_19499800.mp3	who is reading
common_voice_id_19508515.mp3	it must be love
common_voice_id_19508516.mp3	i know he can't work anymore
common_voice_id_19508517.mp3	i tend to forget the names
common_voice_id_19508518.mp3	you finally succeeded in getting a job
common_voice_id_19508519.mp3	i practice piano every day
common_voice_id_19508520.mp3	i'm staying at a hotel tonight
common_voice_id_19508521.mp3	he fully agrees with us
common_voice_id_19508522.mp3	mr yamada gave books to my younger sister
common_voice_id_19508523.mp3	some students came to the library
common_voice_id_19508524.mp3	look and listen to me
common_voice_id_19508525.mp3	is the seat empty
common_voice_id_19508526.mp3	i borrowed mr kimura's phone
common_voice_id_19508527.mp3	in fact humans cannot live without sleep
common_voice_id_19508528.mp3	i name the cat tama
common_voice_id_19508529.mp3	share your work with others
common_voice_id_19508530.mp3	the table used many spaces in this room
common_voice_id_19508531.mp3	i have to wash my hands right now
common_voice_id_19508532.mp3	because i didn't know what time it was i looked at the time in class
common_voice_id_19508533.mp3	this meat is the cheapest
common_voice_id_19508534.mp3	tom said he would never talk to me again
common_voice_id_19508535.mp3	this is not a threat
common_voice_id_19508536.mp3	this can be used as a knife
common_voice_id_19508537.mp3	i prefer baseball than soccer
common_voice_id_19508538.mp3	the island was hit by a typhoon
common_voice_id_19508539.mp3	which way is this street
common_voice_id_19508540.mp3	did you want to eat something
common_voice_id_19508541.mp3	i did not think that was true
common_voice_id_19508542.mp3	tom promised not to come late again
common_voice_id_19508543.mp3	this river empties into the pacific
common_voice_id_19508544.mp3	i was riding behind a friend's bicycle
common_voice_id_19508545.mp3	because today is busy i'm very tired
common_voice_id_19508546.mp3	my house is very close to the station
common_voice_id_19508547.mp3	a woman whose husband dies is called a widow
common_voice_id_19508548.mp3	don't act like you're beautiful
common_voice_id_19508549.mp3	follow your heart
common_voice_id_19508550.mp3	he lives next to my house
common_voice_id_19508551.mp3	all right then see you again
common_voice_id_19508552.mp3	tom is preparing for dinner in the kitchen
common_voice_id_19508553.mp3	how old are you i'm sixteen
common_voice_id_19508554.mp3	i was surprised by the sudden lightning
common_voice_id_19508555.mp3	all roads end in rome
common_voice_id_19508556.mp3	the party is fun right
common_voice_id_19508557.mp3	the butcher shop is cheap today
common_voice_id_19508558.mp3	there is a nice park near my house
common_voice_id_19508559.mp3	tom might have left
common_voice_id_19508560.mp3	do you like everything
common_voice_id_19508561.mp3	he studies english
common_voice_id_19508562.mp3	we should eat to live not live to eat
common_voice_id_19508563.mp3	mother and father returned home
common_voice_id_19508564.mp3	you can't use your cellphone in the hospital
common_voice_id_19978899.mp3	isn't he driving the car
