common_voice_ja_19779202.mp3	because of illness he was unable to attend that meeting
common_voice_ja_19779203.mp3	she parked the car at the gate
common_voice_ja_19779204.mp3	the policeman told me the way to the station
common_voice_ja_19779205.mp3	my father does nothing at home
common_voice_ja_19779206.mp3	the soldiers are ready for battle
common_voice_ja_19779207.mp3	next year i think i'm going to buy a new car
common_voice_ja_19779208.mp3	the wall was topped with broken glass
common_voice_ja_19779209.mp3	take one piece of paper at a time
common_voice_ja_19779210.mp3	use a ballpoint pen when filling out the transfer form
common_voice_ja_19779211.mp3	recently i get calf cramps when i sleep
common_voice_ja_19779212.mp3	the daughter was always frustrated at her mother who didn't keep her promises
common_voice_ja_19779213.mp3	the sick people are already doing all right
common_voice_ja_19779214.mp3	my father goes for a jog every morning
common_voice_ja_19779215.mp3	i felt sorry for the dying birds
common_voice_ja_19779216.mp3	unless she has something to do she rarely goes out
common_voice_ja_19779217.mp3	the pajamas and t shirt were rolled up to reveal a flat tummy underneath skinny ribs
common_voice_ja_19779218.mp3	my father obligated me to look after my younger sister
common_voice_ja_19779219.mp3	the ice is so thin that it won't be able to support your weight
common_voice_ja_19779220.mp3	in the afternoon i look through the accumulated documents and return them
common_voice_ja_19779221.mp3	my father bought a watch for me but i don't like it very much
common_voice_ja_19779232.mp3	as a literary editor they are famous as being the most trusted by authors
common_voice_ja_19779233.mp3	it was a cheap way to get rid of the trouble which made everybody very happy
common_voice_ja_19779234.mp3	my father sometimes says and does childish things
common_voice_ja_19779235.mp3	he was unable to come with us because he was sick
common_voice_ja_19779236.mp3	a little west of here is the ocean
common_voice_ja_19779249.mp3	when ice melts it becomes water
common_voice_ja_19779250.mp3	that store is cheap but the food is bad
common_voice_ja_19779251.mp3	his voice is suddenly drowned out by the roar of an evil spirit
common_voice_ja_19779252.mp3	if i weren't so poor i'd buy a car
common_voice_ja_19779253.mp3	poverty still remains a major cause of crime
common_voice_ja_19779259.mp3	she was educated in the united states
common_voice_ja_19779260.mp3	he gave up his studies due to illness
common_voice_ja_19779261.mp3	could i have your phone number please
common_voice_ja_19779262.mp3	hayashi lives in a town with many people
common_voice_ja_19779263.mp3	meeting a famous singer she got carried away
common_voice_ja_19779269.mp3	blow your nose before you meet them
common_voice_ja_19779270.mp3	there will be a japanese test on the twentieth of this month
common_voice_ja_19779271.mp3	it was cloudy all day yesterday
common_voice_ja_19779272.mp3	i wonder what it feels like to be sick
common_voice_ja_19779273.mp3	everyone is waiting for the teacher in the classroom
common_voice_ja_19779284.mp3	i think it is a defective product
common_voice_ja_19779285.mp3	i have time this morning so i'll read the newspaper before leaving home
common_voice_ja_19779286.mp3	the wind scattered the leaves around
common_voice_ja_19779287.mp3	oxygen is supplied to the liver through the hepatic artery and the low pressure portal vein
common_voice_ja_19779288.mp3	it looks like it will be cloudy tomorrow
common_voice_ja_19779294.mp3	while this wasn't the case from the start at the time of surgery i was depressed frightened and had sleepless nights
common_voice_ja_19779295.mp3	she was able to solve the problem with ease
common_voice_ja_19779296.mp3	they talked about a range of issues
common_voice_ja_19779297.mp3	my father is doing very well
common_voice_ja_19779298.mp3	add three spoons of sugar
common_voice_ja_19779299.mp3	please make sure you call us tomorrow morning
common_voice_ja_19779300.mp3	small snowflakes fall fast and large snowflakes flutter down
common_voice_ja_19779301.mp3	after that the old man runs after them crying soaked by the rain
common_voice_ja_19779302.mp3	my father is busy writing a letter
common_voice_ja_19779303.mp3	she has talent rather than beauty
common_voice_ja_19779304.mp3	put your clothes away
common_voice_ja_19779305.mp3	basically i like short poems of these this is the best one
common_voice_ja_19779307.mp3	she bought a computer for her daughter
common_voice_ja_19779308.mp3	i can't eat anything because my teeth hurt
common_voice_ja_19779309.mp3	my father gestured to me to leave the room
common_voice_ja_19779310.mp3	my father often travels overseas on business
common_voice_ja_19779311.mp3	kimura carried my luggage
common_voice_ja_19779312.mp3	a large bag is useful
common_voice_ja_19779313.mp3	my father has recently quit smoking
common_voice_ja_19779314.mp3	she is in search of wealth
common_voice_ja_19779315.mp3	she was freaked out from anxiety
common_voice_ja_19779316.mp3	she has a charming personality
common_voice_ja_19779317.mp3	she hoped that she would be cured of her illness
common_voice_ja_19779318.mp3	throwing something like that down will hit and injure somebody unfortunate
common_voice_ja_19779324.mp3	schools and companies will be closed from may third through may fifth
common_voice_ja_19779325.mp3	using the weakness of the human mind they continue to create self serving evidence
common_voice_ja_19779326.mp3	autumn comes after summer ends
common_voice_ja_19779327.mp3	she may have to retire next month
common_voice_ja_19779338.mp3	my father helped me with my study
common_voice_ja_19779339.mp3	the father carried his son's body out of the room
common_voice_ja_19779340.mp3	cut the vegetables and wash them
common_voice_ja_19779341.mp3	this story is true
common_voice_ja_19779342.mp3	she installed the new electric heater in the room
common_voice_ja_19779348.mp3	i went to university yesterday
common_voice_ja_19779349.mp3	cut the clothes to match the cloth
common_voice_ja_19779350.mp3	upon hearing of her father's sudden death she was deeply saddened
common_voice_ja_19779351.mp3	i listen to the news on the radio every day
common_voice_ja_19779352.mp3	that beautiful woman is kimura
common_voice_ja_19779353.mp3	don't hang on the wall
common_voice_ja_19779354.mp3	don't look down on the poor
common_voice_ja_19779355.mp3	eat rice in a tea bowl
common_voice_ja_19779356.mp3	sleep is the best medicine for a cold
common_voice_ja_19779357.mp3	she was forced to confess
common_voice_ja_19779358.mp3	after dinner she cleared the table
common_voice_ja_19779359.mp3	she makes her living by writing
common_voice_ja_19779360.mp3	please take care not to catch a cold
common_voice_ja_19779361.mp3	she saved a drowning child at the risk of her own life
common_voice_ja_19779362.mp3	she beckoned at me to come in
common_voice_ja_19779363.mp3	i will walk to the station
common_voice_ja_19779364.mp3	cycling tours following the weser bike path or the murren route pass through petershagen
common_voice_ja_19779366.mp3	he took in a war orphan and is raising her as an adopted daughter
common_voice_ja_19779367.mp3	my father should be at home now
common_voice_ja_19779368.mp3	it was amazing that they faced the enemy
common_voice_ja_19779369.mp3	take off your shoes at the entrance
common_voice_ja_19779370.mp3	she had to part with her fur coat
common_voice_ja_19779371.mp3	my father repaired my old watch
common_voice_ja_19779372.mp3	i don't think that being poor is anything to be ashamed of
common_voice_ja_19779373.mp3	i'm going to buy this cup and also this plate
common_voice_ja_19779374.mp3	i would like to express my most sincere apologies for any inappropriate remarks made earlier
common_voice_ja_19779375.mp3	my father grows rice
common_voice_ja_19779376.mp3	make sure you mail this postcard
common_voice_ja_19779377.mp3	keep this room tidy
common_voice_ja_19779383.mp3	i may give up soon and have a nap
common_voice_ja_19779384.mp3	she hoped for forgiveness from her mother
common_voice_ja_19779385.mp3	they couldn't stand it and started yelling and so shooting for the day ended up being canceled
common_voice_ja_19779386.mp3	she tried to please him but it was in vain
common_voice_ja_19779387.mp3	do you think your father is going to change his mind
common_voice_ja_19779393.mp3	this food is bad for you
common_voice_ja_19779394.mp3	inciting the masses will only invite military intervention
common_voice_ja_19779395.mp3	there is a large window in the center of the wall at the back of the room
common_voice_ja_19779396.mp3	the logic that the user is also responsible can only be called irresponsible
common_voice_ja_19779397.mp3	there is a strong wind and biting cold on the shrine grounds
common_voice_ja_19779400.mp3	she saved up just in case
common_voice_ja_19779401.mp3	after his father's death he assumed responsibility for the company
common_voice_ja_19779402.mp3	my father has to do that work
common_voice_ja_19779403.mp3	is there any medicine for colds
common_voice_ja_19779404.mp3	the room was full of girls dressed in white
common_voice_ja_19779415.mp3	sashimi is eaten with soy sauce
common_voice_ja_19779416.mp3	my father made me who i am today
common_voice_ja_19779417.mp3	my father taught me the basics of gardening
common_voice_ja_19779418.mp3	i would like this one and that one
common_voice_ja_19779419.mp3	how can you get a man you care about excited in you
common_voice_ja_19779420.mp3	my father glared at my mother
common_voice_ja_19779421.mp3	my father jogs every morning
common_voice_ja_19779422.mp3	there was no shampoo in the bathtub
common_voice_ja_19779423.mp3	they began to dislike the guests that they had at first welcomed
common_voice_ja_19779424.mp3	do you dislike awkwardly shaped vegetables
common_voice_ja_19779425.mp3	my father expanded the family's living room
common_voice_ja_19779426.mp3	she woke up
common_voice_ja_19779427.mp3	she managed without necessities in order to pay for her daughter's lessons
common_voice_ja_19779428.mp3	accordingly there will be less money in circulation with less in the way of price increases
common_voice_ja_19779429.mp3	on hot days i wear a hat when i got out
common_voice_ja_19779430.mp3	the hungry baby could only cry
common_voice_ja_19779431.mp3	many diseases caused by this fungus are referred to as gray mold
common_voice_ja_19779432.mp3	let her through and i'll see her soon
common_voice_ja_19779433.mp3	they have absolutely nothing in common with each other
common_voice_ja_19779434.mp3	this summer i went to the sea and also climbed mountains
common_voice_ja_19779450.mp3	make sure that you write grammatically correct sentences
common_voice_ja_19779451.mp3	dust mites prefer human dander and dirt
common_voice_ja_19779452.mp3	i lost the watch that my father gave me
common_voice_ja_19779453.mp3	i bought a new camera
common_voice_ja_19779454.mp3	they gave him an opportunity to escape
common_voice_ja_19779460.mp3	perhaps because of the rain wild birds were flocking and crying out
common_voice_ja_19779461.mp3	she said that she had a cold
common_voice_ja_19779462.mp3	i'll do this work myself
common_voice_ja_19779464.mp3	she could only grieve over her husband's death
common_voice_ja_19779466.mp3	october tenth is my brother's birthday
common_voice_ja_19779795.mp3	there is no reason to complain
common_voice_ja_19779796.mp3	my father is out
common_voice_ja_19779797.mp3	i was born in a small town
common_voice_ja_19779798.mp3	also clean the entrance and hallway
common_voice_ja_19779799.mp3	she painted the walls white
common_voice_ja_19779815.mp3	her husband ten years older than herself was in good health and did all the housework
common_voice_ja_19779816.mp3	on saturday i will have dinner at hayashi's house
common_voice_ja_19779817.mp3	there is a vase on the table
common_voice_ja_19779818.mp3	she received training as a violinist under a famous musician
common_voice_ja_19779819.mp3	i did not hire her as a typist
common_voice_ja_19779830.mp3	give a lecture on literature
common_voice_ja_19779831.mp3	she is independent from her parents
common_voice_ja_19779832.mp3	my younger brother is very fit
common_voice_ja_19779833.mp3	gillespie got to know ines through mcgee
common_voice_ja_19779834.mp3	the water in this river is clean
common_voice_ja_19779850.mp3	the couple quarreled but soon made up
common_voice_ja_19779851.mp3	everyone is a student at this university
common_voice_ja_19779852.mp3	they could not abide disobedience from their men no matter how small
common_voice_ja_19779853.mp3	so are you not going to swim because the water is cold
common_voice_ja_19779854.mp3	a couple can apply for the job
common_voice_ja_19779855.mp3	i went shopping at the supermarket
common_voice_ja_19779856.mp3	my father also had a good grounding in latin
common_voice_ja_19779857.mp3	o k see you later
common_voice_ja_19779858.mp3	even the companion who cried at the closing ceremony danced hard at the dance party in the evening
common_voice_ja_19779859.mp3	this watch costs one thousand five hundred yen
common_voice_ja_19779865.mp3	every year i have a cake for my birthday
common_voice_ja_19779866.mp3	she was clinging tightly to her father
common_voice_ja_19779867.mp3	we were surprised to hear how cheap things were
common_voice_ja_19779868.mp3	the teacher in the adjoining class is still young
common_voice_ja_19779869.mp3	careless people are prone to mistakes
common_voice_ja_19779890.mp3	the sick person finally overcame their illness
common_voice_ja_19779891.mp3	she was absent from school because of illness
common_voice_ja_19779892.mp3	yesterday i went to a concert with my friends
common_voice_ja_19779893.mp3	tanaka always seems to be busy
common_voice_ja_19779894.mp3	my father wants me to be a lawyer
common_voice_ja_19779895.mp3	the father takes care of the family's expenses
common_voice_ja_19779896.mp3	every time she cleans the room she breaks something
common_voice_ja_19779897.mp3	she felt like dancing
common_voice_ja_19779898.mp3	i'm going to paint the walls
common_voice_ja_19779899.mp3	the car stopped in front of me
common_voice_ja_19779905.mp3	go and wake her up
common_voice_ja_19779906.mp3	i've just gone to see her off
common_voice_ja_19779907.mp3	not a sound was heard in the room
common_voice_ja_19779908.mp3	the post office is next to the station
common_voice_ja_19779909.mp3	because she was sick she was unable to travel
common_voice_ja_19779930.mp3	she had her husband send the children to their homes
common_voice_ja_19779931.mp3	she is very competent in her work as a secretary
common_voice_ja_19779932.mp3	she was absent because of a cold
common_voice_ja_19779933.mp3	the age of heroes which defined the history of modern china has passed
common_voice_ja_19779934.mp3	ayumi's legs were buffeted by the cold river breeze
common_voice_ja_19779935.mp3	the professor who invented that has the right for substantial compensation from the university
common_voice_ja_19779936.mp3	live within your means
common_voice_ja_19779938.mp3	bronchial asthma and rhinitis are also becoming more widespread
common_voice_ja_19779939.mp3	the father reluctantly agreed to his daughter's marriage
common_voice_ja_19779945.mp3	benefit levels need to take into account changes in the cost of living
common_voice_ja_19779946.mp3	she decorated it with precious stones
common_voice_ja_19779947.mp3	looking outside it has started to rain
common_voice_ja_19779948.mp3	my father took his seat at the head of the table and started to pray
common_voice_ja_19779949.mp3	the balloon is caught in a tree
common_voice_ja_19779955.mp3	last year was a good year
common_voice_ja_19779956.mp3	from day to night we played in every way that my child could think of
common_voice_ja_19779957.mp3	this book is difficult because it has many chinese characters
common_voice_ja_19779958.mp3	my father's hobby is growing roses
common_voice_ja_19779959.mp3	my father always talks to my mother about his problems
common_voice_ja_19780250.mp3	would you like some tea
common_voice_ja_19780251.mp3	a woman who has lost her husband is a widow
common_voice_ja_19780252.mp3	mount fuji was covered with snow
common_voice_ja_19780253.mp3	she was afraid to speak
common_voice_ja_19780254.mp3	i have climbed that mountain
common_voice_ja_19780271.mp3	it was thought that she was ill
common_voice_ja_19780273.mp3	the cafeteria is in that building over there
common_voice_ja_19780276.mp3	from next week there will be tests every day
common_voice_ja_19780278.mp3	please bring an ice pack
common_voice_ja_19780279.mp3	by a strange coincidence we met again
common_voice_ja_19780315.mp3	you can see her fatigue on her face
common_voice_ja_19780316.mp3	my father bought me a new bicycle
common_voice_ja_19780317.mp3	the condition of the sick person is changing
common_voice_ja_19780318.mp3	she leaned her head on her mother's shoulder
common_voice_ja_19780319.mp3	she was looking for a room with a bath but she found one near here
common_voice_ja_19780340.mp3	they held a special meeting on trade issues
common_voice_ja_19780341.mp3	both of her legs are paralyzed
common_voice_ja_19780342.mp3	buy one postcard at the post office
common_voice_ja_19780343.mp3	due to illness and with no other choice he quit smoking
common_voice_ja_19780344.mp3	father continued to sing
common_voice_ja_19780372.mp3	above and to the right there are clearly drawn lines that climb steeply
common_voice_ja_19780373.mp3	i caught a cold
common_voice_ja_19780374.mp3	she tried not to cry
common_voice_ja_19780376.mp3	there's no way this kind of picture can be drawn easily
common_voice_ja_19780378.mp3	father and i played tennis on sunday
common_voice_ja_19780406.mp3	please add lots of ice
common_voice_ja_19780408.mp3	i was busy yesterday so i became very tired
common_voice_ja_19780409.mp3	the first word of the sentence must always be capitalized
common_voice_ja_19780410.mp3	thank you for taking a look at my poor writing
common_voice_ja_19780411.mp3	i'm slightly anemic
common_voice_ja_19780427.mp3	you see it float but then it sinks again
common_voice_ja_19780428.mp3	i go to that cafe with kimura san often
common_voice_ja_19780429.mp3	as i tried to cover for that my right knee and calf got damaged
common_voice_ja_19780430.mp3	this essay is very well written
common_voice_ja_19780431.mp3	caught off guard i couldn't think of anything to say
common_voice_ja_19780457.mp3	mother always asks me to do her shopping
common_voice_ja_19780458.mp3	it was inconsiderate of him to say such a thing to a sick person
common_voice_ja_19780460.mp3	not only is she beautiful but she's kind and intelligent
common_voice_ja_19780462.mp3	rather than being cold she's actually shy
common_voice_ja_19780463.mp3	do we need to wait for her
common_voice_ja_19780482.mp3	they continued to eat as though nothing had happened
common_voice_ja_19780483.mp3	she didn't like using a writing brush
common_voice_ja_19780484.mp3	the balloon continued to rise and eventually went out of sight
common_voice_ja_19780485.mp3	his staff followed after him
common_voice_ja_19780486.mp3	a leopard can't change its spots
common_voice_ja_19780536.mp3	she and the others were brimming with joy
common_voice_ja_19780538.mp3	she did it even though she didn't want to
common_voice_ja_19780539.mp3	she fell from the tree
common_voice_ja_19780540.mp3	please give me an envelope
common_voice_ja_19780541.mp3	i want you to clean your room quickly
common_voice_ja_19780562.mp3	she's just like her mother
common_voice_ja_19780563.mp3	there are several superficial reasons
common_voice_ja_19780564.mp3	one would think father would be happy but he's actually very angry
common_voice_ja_19780565.mp3	the soldiers confiscated food from the people they conquered
common_voice_ja_19780566.mp3	this clock must be expensive
common_voice_ja_19780597.mp3	it's against the law to carry a weapon
common_voice_ja_19780598.mp3	father will come home on the weekend
common_voice_ja_19780599.mp3	after father's death he became the head of the company
common_voice_ja_19780600.mp3	a red flashing light rotates in the night sky and every ten minutes a flare descends slowly
common_voice_ja_19780601.mp3	commodity prices are rising
common_voice_ja_19780612.mp3	father is worried about my health
common_voice_ja_19780613.mp3	father sat in his seat at the table
common_voice_ja_19780614.mp3	may i exit the room
common_voice_ja_19780615.mp3	the beach is full of people
common_voice_ja_19780616.mp3	she said she was sick
common_voice_ja_19780637.mp3	if you turn left at that intersection there will be an embassy
common_voice_ja_19780638.mp3	he's poor but he wouldn't lie
common_voice_ja_19780639.mp3	father made a long tear in the sleeve
common_voice_ja_19780640.mp3	there were almost nobody in the room
common_voice_ja_19780641.mp3	she's doing great isn't she
common_voice_ja_19780652.mp3	that supermarket is open at night too
common_voice_ja_19780653.mp3	apparently she's unhappy
common_voice_ja_19780654.mp3	their facial expression was much softer after they became prime minister
common_voice_ja_19780655.mp3	i recently went to europe for the first time in a long time albeit for a very short time
common_voice_ja_19780656.mp3	don't get mad
common_voice_ja_19780667.mp3	it's on the third floor of this building
common_voice_ja_19780668.mp3	keep unexpected situations in mind
common_voice_ja_19780669.mp3	masked men attacked tourists and took their money
common_voice_ja_19780670.mp3	i eat and then i brush my teeth
common_voice_ja_19780671.mp3	one must not look down on poor people
common_voice_ja_19780699.mp3	father has gone out but mother is at home
common_voice_ja_19780700.mp3	she knitted a sweater for her father
common_voice_ja_19780702.mp3	that's right the odd sounds were the death throes of the air conditioner fan
common_voice_ja_19780703.mp3	i can't help feeling sorry for him
common_voice_ja_19780705.mp3	she speaks frankly
common_voice_ja_19786013.mp3	i came to japan on march fifteenth of this year
common_voice_ja_19786014.mp3	father will probably be at home tomorrow
common_voice_ja_19786015.mp3	unauthorized access should be cracked down on by law
common_voice_ja_19786016.mp3	she helped an elderly person cross the street
common_voice_ja_19786017.mp3	mother's cooking is delicious
common_voice_ja_19790596.mp3	if there's anything you don't understand ask me any time
common_voice_ja_19790597.mp3	commodity prices have come down
common_voice_ja_19790598.mp3	she continued to speak calmly
common_voice_ja_19790599.mp3	i think i understand
common_voice_ja_20072698.mp3	you can sign up for a company tour at anytime even after the company information session
common_voice_ja_20072699.mp3	the soldiers countered the enemy attack
common_voice_ja_20072700.mp3	she yelled as soon as she saw her mother
common_voice_ja_20072701.mp3	i can't get rid of this cold
common_voice_ja_20072702.mp3	that restaurant is inexpensive but the food is not very good
common_voice_ja_20072743.mp3	it's hot in the summer so i don't want to wear a suit
common_voice_ja_20072744.mp3	reading literary critiques is very useful for understanding literature
common_voice_ja_20072745.mp3	we were very close and visited each other's home often
common_voice_ja_20072746.mp3	the wind has picked up hasn't it
common_voice_ja_20072867.mp3	after her husband's death she raised their two children alone
common_voice_ja_20072868.mp3	kimura san is a student but tanaka san is a company employee
common_voice_ja_20072869.mp3	the color of the wall does not match the color of the floor
common_voice_ja_20072870.mp3	father reads the newspaper upon waking up every morning
common_voice_ja_20072871.mp3	illness empties the wallet
common_voice_ja_20072894.mp3	she has a habit of doing her homework before dinner
common_voice_ja_20072896.mp3	the ball of the feathered item struck with a hagoita panel is the seed of a large tree called mukuroji
common_voice_ja_20072898.mp3	she is caught up in a fad
common_voice_ja_20072900.mp3	in japan it snows in the winter
common_voice_ja_20072901.mp3	i have to do this job by the tenth
common_voice_ja_20072912.mp3	a good idea came to me when i was taking a bath
common_voice_ja_20072913.mp3	that belongs to tanaka san
common_voice_ja_20072915.mp3	you must not talk to your neighbor during class
common_voice_ja_20072916.mp3	i don't want to draw the shortest straw
common_voice_ja_20072918.mp3	it's rare to see such a lifeless quiet and solemn ceremonial toss of an honored person into the air
common_voice_ja_20072962.mp3	with eyes full of tears she waved goodbye
common_voice_ja_20072963.mp3	she walked with her head down like an old woman
common_voice_ja_20072964.mp3	she is very particular about clothing
common_voice_ja_20072965.mp3	in japan you can drive from age eighteen
common_voice_ja_20072966.mp3	it's dangerous so you can't come in here
common_voice_ja_20072972.mp3	this is the third year since i got my driver's license
common_voice_ja_20072973.mp3	the aliens agreed with this opinion and clapped with all of their hands
common_voice_ja_20072974.mp3	she doesn't like baseball very much
common_voice_ja_20072975.mp3	the reason is very clear and it's because i'm bad at giving speeches
common_voice_ja_20072976.mp3	she's always looking for faults in her husband
common_voice_ja_20072982.mp3	this descending part here does not have a hand rail so it's dangerous
common_voice_ja_20072983.mp3	she was walking around in the room
common_voice_ja_20072984.mp3	note that the obligation will continue after the authorization notice and after the issuing fee is paid
common_voice_ja_20072985.mp3	they are showing various signs of illness
common_voice_ja_20072986.mp3	father won first place in a photography contest and was in high spirits
common_voice_ja_20072987.mp3	what's the best medicine for a cold
common_voice_ja_20072989.mp3	she is truly beautiful
common_voice_ja_20072990.mp3	once we entered the room we started talking again
common_voice_ja_20072992.mp3	our dog is really cute
common_voice_ja_20072994.mp3	trust me he said
common_voice_ja_20073012.mp3	most books go to bookstores via major distributors but more than a few are quickly returned and then disappear
common_voice_ja_20073014.mp3	the products will be sent to you on a cash on delivery basis
common_voice_ja_20073015.mp3	i played in that park often as a child
common_voice_ja_20073016.mp3	i agree with the opinion that real estate is too expensive
common_voice_ja_20073027.mp3	write in pen
common_voice_ja_20073028.mp3	civilization is progressing very quickly
common_voice_ja_20073029.mp3	she and the others almost never spoke about labor issues concerning the workplace
common_voice_ja_20073030.mp3	she will probably be late to dinner
common_voice_ja_20073031.mp3	there is a vase in the entrance area
common_voice_ja_20073037.mp3	with air conditioning overcooling is an issue
common_voice_ja_20073038.mp3	one day is very short
common_voice_ja_20073039.mp3	we arrived there and we requested indigenous people who would carry us in a pinch these were the pygmies
common_voice_ja_20073040.mp3	i believe china will play a more proactive role
common_voice_ja_20073041.mp3	in july it starts to get hotter gradually
common_voice_ja_20073042.mp3	normally we correct our thinking in university
common_voice_ja_20073043.mp3	which teacher's class is the most interesting
common_voice_ja_20073044.mp3	tomorrow kimura san and i will go to the pool
common_voice_ja_20073046.mp3	i buy fruit and vegetables at the vegetable store
common_voice_ja_20073048.mp3	she's used to cooking
common_voice_ja_20073072.mp3	in its natural state hair contains oil
common_voice_ja_20073073.mp3	the wind made ripples on the surface of the water
common_voice_ja_20073075.mp3	i sometimes go to that bookstore
common_voice_ja_20073076.mp3	i gazed at her face in an attempt to seduce her
common_voice_ja_20073077.mp3	she's not smart but she has a nice body
common_voice_ja_20073078.mp3	the bag wasn't closed
common_voice_ja_20073079.mp3	i always take three pencils to school
common_voice_ja_20073080.mp3	this bag has pockets on the outside
common_voice_ja_20073081.mp3	the supermarket was closed so i couldn't shop
common_voice_ja_20073122.mp3	for a second i thought a burglar had entered
common_voice_ja_20073123.mp3	father hardly ever does anything extreme
common_voice_ja_20073124.mp3	almost nobody lives past one hundred
common_voice_ja_20073125.mp3	they have differing opinions but they get along as always
common_voice_ja_20073126.mp3	i'm planning to travel overseas next year
common_voice_ja_20073139.mp3	tanaka san drinks cola
common_voice_ja_20073140.mp3	she's the same age as me
common_voice_ja_20073141.mp3	the married couple decided to adopt an orphan as their daughter
common_voice_ja_20073142.mp3	the bathroom is on the second floor
common_voice_ja_20073143.mp3	father does not waste time
common_voice_ja_20073168.mp3	matsui san is good at cooking
common_voice_ja_20073169.mp3	she wears makeup every day
common_voice_ja_20073170.mp3	father didn't say a single word during dinner
common_voice_ja_20073171.mp3	we must provide food and clothing to the poor
common_voice_ja_20073172.mp3	kimura san is standing there
common_voice_ja_20073192.mp3	it's cool in the mornings and evenings so i want to be careful about clothing
common_voice_ja_20073193.mp3	father was asleep the whole time during that movie
common_voice_ja_20073194.mp3	don't kill anyone not involved
common_voice_ja_20073195.mp3	she's likely to wait for days and days but he probably won't return
common_voice_ja_20073196.mp3	this black tea is hot
common_voice_ja_20073217.mp3	she said go to the hospital and wouldn't take no for an answer
common_voice_ja_20073218.mp3	we thought it would be wrong to leave her alone
common_voice_ja_20073219.mp3	there are many girls in the room
common_voice_ja_20073220.mp3	this road bends
common_voice_ja_20073221.mp3	i was exhausted so all i could think about was sleeping
common_voice_ja_20073242.mp3	small animals are very cute
common_voice_ja_20073243.mp3	she accommodated his request
common_voice_ja_20073244.mp3	she's afraid of barking dogs
common_voice_ja_20073245.mp3	she held back her tears
common_voice_ja_20073246.mp3	their job is to read the news with clear attention
common_voice_ja_20073251.mp3	she is always complaining
common_voice_ja_20073252.mp3	distracted driving causes accidents
common_voice_ja_20073254.mp3	last week i went to a cinema with lee san and watched a movie
common_voice_ja_20073255.mp3	they'll come if they're not ill
common_voice_ja_20073256.mp3	father let that person enter the study
common_voice_ja_20073257.mp3	there was no choice but to wait for her
common_voice_ja_20073258.mp3	i gave kimura's phone number to my friend
common_voice_ja_20073259.mp3	father will surely help us
common_voice_ja_20073260.mp3	sentences usually contain a subject and a verb
common_voice_ja_20073261.mp3	it's already seven thirty so i need to leave my home
common_voice_ja_20073267.mp3	there are eight stamps here
common_voice_ja_20073268.mp3	unlike the wife the husband did not appear to be enjoying shopping
common_voice_ja_20073269.mp3	she was trained to be a secretary
common_voice_ja_20073270.mp3	she must have been beautiful
common_voice_ja_20073271.mp3	it's a starlit sky and the clouds flowing through it are beautiful
common_voice_ja_20073362.mp3	they invited me to a meal
common_voice_ja_20073363.mp3	hayashi's boxed lunch looks tasty
common_voice_ja_20073365.mp3	she fell in love with him on first sight
common_voice_ja_20073366.mp3	she worked proactively and successfully in the women's liberation movement
common_voice_ja_20073372.mp3	the strange sensation is starting to reappear
common_voice_ja_20073373.mp3	let's speak frankly
common_voice_ja_20073375.mp3	there are many homes lined up on the street over there
common_voice_ja_20073377.mp3	she stood up and walked to the window
common_voice_ja_20073379.mp3	there is a book on the desk
common_voice_ja_20073382.mp3	this table is round
common_voice_ja_20073383.mp3	the room fee is expensive but everything else about the room is great
common_voice_ja_20073384.mp3	who wouldn't love her
common_voice_ja_20073385.mp3	father always ate at this restaurant
common_voice_ja_20073386.mp3	will hidden characters make an appearance let's hear from the developer
common_voice_ja_20073388.mp3	she lay in bed with her eyes open
common_voice_ja_20073390.mp3	their bewildered expression changed for a moment to a soft one perhaps indicating dissipation of fatigue
common_voice_ja_20073392.mp3	i underwent surgical sterilization
common_voice_ja_20073394.mp3	it's very cold this evening
common_voice_ja_20073396.mp3	she always visited me
common_voice_ja_20073402.mp3	you can know someone by the company they keep
common_voice_ja_20073403.mp3	she set her knitting aside and stood up
common_voice_ja_20073404.mp3	i'm tired so i'm going home early he said
common_voice_ja_20073405.mp3	father told me a very interesting story
common_voice_ja_20073406.mp3	it takes ten minutes by bus from the station to the hospital
common_voice_ja_20073412.mp3	she accepted his proposal with eyes full of tears
common_voice_ja_20073413.mp3	i always take a bath before going to sleep
common_voice_ja_20073414.mp3	the wind fanned the flames
common_voice_ja_20073415.mp3	this classroom has thick walls
common_voice_ja_20073416.mp3	my younger sister isn't home yet so my mother is worried
common_voice_ja_20073437.mp3	arrange the bowl and chopsticks on the table
common_voice_ja_20073438.mp3	would you be interested in purchasing an encyclopedia
common_voice_ja_20073439.mp3	when a substance is chemically altered chemical energy is released
common_voice_ja_20073440.mp3	father is on a trip overseas
common_voice_ja_20073441.mp3	the wind is blowing from the east
common_voice_ja_20073450.mp3	she was burning with ambition
common_voice_ja_20073451.mp3	she will start maternity leave next week
common_voice_ja_20073452.mp3	i cut my face while shaving
common_voice_ja_20073453.mp3	the game is just about to start
common_voice_ja_20073454.mp3	there are also many so-called backstage jobs
common_voice_ja_20073467.mp3	commodity prices are trending up
common_voice_ja_20073468.mp3	the fact that i got a taste of the loneliness of those on assignment away from their family which is a currently a popular topic was also a meaningful experience
common_voice_ja_20073469.mp3	due to illness i was not able to make a visit today
common_voice_ja_20073470.mp3	everyone then started to say that his social interaction during hospitalization was poor and that they had trouble dealing with him
common_voice_ja_20073471.mp3	exit the classroom
common_voice_ja_20073475.mp3	please charge it to my room
common_voice_ja_20073477.mp3	it is one of the important materials when calculating nutrients in food supply operations in schools hospitals etc
common_voice_ja_20073479.mp3	it's better not to read in the dark
common_voice_ja_20073480.mp3	do you know when they'll be back
common_voice_ja_20073481.mp3	she was very passionate about research
common_voice_ja_20073496.mp3	compared to her husband she's not so careful
common_voice_ja_20073498.mp3	a picture is worth a thousand words
common_voice_ja_20073499.mp3	kimura san loves cute things
common_voice_ja_20073501.mp3	there is a lot of furniture in the room
common_voice_ja_20073506.mp3	i ordered food from a store employee
common_voice_ja_20073522.mp3	when her husband died she felt like committing suicide
common_voice_ja_20073524.mp3	father is used to traveling
common_voice_ja_20073526.mp3	i will run like the wind again someday
common_voice_ja_20073527.mp3	father's hair turned white
common_voice_ja_20073528.mp3	make five copies of this
common_voice_ja_20073532.mp3	is it cold outside
common_voice_ja_20073533.mp3	yamada san gave my younger sister a book
common_voice_ja_20073534.mp3	can i have a different room
common_voice_ja_20073535.mp3	the manager was furious what did you do
common_voice_ja_20073536.mp3	i'm already used to club activity recruitment
common_voice_ja_20073550.mp3	she gave food to poor families
common_voice_ja_20073552.mp3	she became flustered due to a careless mistake and burst out in tears
common_voice_ja_20073555.mp3	if you buy a car you'll run out of money
common_voice_ja_20073557.mp3	sentences must start with a capital letter
common_voice_ja_20073560.mp3	she parted ways with her friend in tears
common_voice_ja_20073567.mp3	manners and customs vary greatly from country to country
common_voice_ja_20073568.mp3	the fabric was dyed a brilliant red
common_voice_ja_20073569.mp3	at the same time it was announced that he would join the fukui miracle elephants as a player coach
common_voice_ja_20073570.mp3	i took off my coat placed both hands on the stone work and lay on my stomach
common_voice_ja_20073571.mp3	one hundred years is called a century
common_voice_ja_20073581.mp3	i personally want clothes that are more plain or rather that have an understated coolness
common_voice_ja_20073583.mp3	after her illness she looked like at shadow of her former self
common_voice_ja_20073584.mp3	my foot hurts so i walk slowly
common_voice_ja_20073585.mp3	remove your hat when you're in a room
common_voice_ja_20073586.mp3	she said she wanted to be forgiven for having done something that was criticized
common_voice_ja_20073592.mp3	she must be ill
common_voice_ja_20073593.mp3	how do i get to the third floor
common_voice_ja_20073594.mp3	a wave of anxiety flashed across her face
common_voice_ja_20073596.mp3	she decorated her home without considering the cost
common_voice_ja_20073602.mp3	brazil is a country that's very good at soccer
common_voice_ja_20073603.mp3	if rain was all it took for telephone lines to be cross then japan would have a hard time
common_voice_ja_20073604.mp3	upon hearing the sad news she was on the verge of tears
common_voice_ja_20073605.mp3	no i'm not going
common_voice_ja_20073606.mp3	father grew red in the face when i was rude to him
common_voice_ja_20073642.mp3	my younger brother is nine years old
common_voice_ja_20073643.mp3	in iran there is no weather forecast
common_voice_ja_20073644.mp3	the school is near that mountain
common_voice_ja_20073646.mp3	the library is open from nine a m to eight p m
common_voice_ja_20073648.mp3	i have a cold and my temperature is thirty eight degrees
common_voice_ja_20073657.mp3	to receive a refund return the product unopened
common_voice_ja_20073658.mp3	put money in your wallet
common_voice_ja_20073659.mp3	she grew roses
common_voice_ja_20073660.mp3	a rotten apple spoils the bunch
common_voice_ja_20073661.mp3	if you have a big lead you have to attempt a pickoff
common_voice_ja_20073682.mp3	she read his letter with tears streaming down her face
common_voice_ja_20073683.mp3	she has a discerning eye for beauty
common_voice_ja_20073684.mp3	she will arrive in tokyo at the beginning of next month
common_voice_ja_20073685.mp3	father goes to work by car
common_voice_ja_20073686.mp3	the children here are students at the same school
common_voice_ja_20073698.mp3	our reporter who pretended to be alcoholic and was hospitalized at a mental hospital fourteen years ago is writing
common_voice_ja_20073700.mp3	i took a lot of photos so i don't have any more film
common_voice_ja_20073702.mp3	there's some other reason right i'm right aren't i
common_voice_ja_20073705.mp3	a new born kitten snuck into my home
common_voice_ja_20073707.mp3	at very high altitudes i experience difficulty breathing
common_voice_ja_20073722.mp3	father reduced his salty foods as i advised
common_voice_ja_20073723.mp3	as expected if you do your best the results follow naturally
common_voice_ja_20073724.mp3	i respected the local pronunciation and started calling it that
common_voice_ja_20073725.mp3	finding a room can be difficult
common_voice_ja_20073726.mp3	she's a good dancer
common_voice_ja_20073739.mp3	our dog is very big
common_voice_ja_20073741.mp3	two colas please
common_voice_ja_20073744.mp3	a friend will stay over tonight
common_voice_ja_20073747.mp3	you can each lunch in this room
common_voice_ja_20073748.mp3	this is common sense around the world and is the most fundamental principal in resource management
common_voice_ja_20073752.mp3	can i return it to you during lunch break
common_voice_ja_20073753.mp3	father gave me a watch for my birthday
common_voice_ja_20073754.mp3	she made him happy
common_voice_ja_20073755.mp3	my husband cooks better than i do
common_voice_ja_20073756.mp3	father is cleaning the garage
common_voice_ja_20073772.mp3	i took a bath so i feel even better
common_voice_ja_20073773.mp3	an icy chill seeped into the vehicle
common_voice_ja_20073774.mp3	she is busy cooking
common_voice_ja_20073775.mp3	i like blue better than red
common_voice_ja_20073776.mp3	he doesn't seem to be aware of the conflict between father and me
common_voice_ja_20073782.mp3	in the west there is a growing movement to save venice as it sinks
common_voice_ja_20073783.mp3	i must have caught a cold
common_voice_ja_20073784.mp3	how was the movie yesterday
common_voice_ja_20073785.mp3	put the money in your pocket
common_voice_ja_20073786.mp3	she looked sad
common_voice_ja_20073797.mp3	one should not get involved in another's marital quarrel
common_voice_ja_20073798.mp3	she is just as beautiful as her younger sister
common_voice_ja_20073799.mp3	it's very difficult to get things in order
common_voice_ja_20073800.mp3	which one of you is kobayashi san
common_voice_ja_20073801.mp3	the next moment cries of hurrah hurrah rang out
common_voice_ja_20073832.mp3	this is centrifugal force but newton considered it absolute motion
common_voice_ja_20073833.mp3	she flashed an attractive smile
common_voice_ja_20073834.mp3	there are many people in line behind me
common_voice_ja_20073835.mp3	she continued to talk
common_voice_ja_20073836.mp3	she went to find a doctor for the sick baby
common_voice_ja_20073867.mp3	as civilization progresses poetry declines almost inevitably
common_voice_ja_20073868.mp3	africans spit truly skillfully and swiftly
common_voice_ja_20073869.mp3	generally speaking the assisting side tends to overlook the psychology of the side being assisted
common_voice_ja_20073870.mp3	father advised me not to be lazy
common_voice_ja_20073871.mp3	apparently the goddess of victory won't smile at you unless you overcome yourself
common_voice_ja_20073887.mp3	the curtain caught on fire
common_voice_ja_20073888.mp3	this news is word of mouth
common_voice_ja_20073889.mp3	when father was young he didn't even have the room in his budget to buy a car
common_voice_ja_20073890.mp3	next month on the ninth my parents will visit me at home
common_voice_ja_20073891.mp3	my older sister had her wedding reception last week
common_voice_ja_20073913.mp3	i rode on the back of my friend's bicycle
common_voice_ja_20073915.mp3	my arms and other body parts got sunburned today and they sting
common_voice_ja_20073917.mp3	she kissed her father's cheek
common_voice_ja_20073919.mp3	i will buy ten stamps and three postcards
common_voice_ja_20073921.mp3	i live in tokyo but my younger brother lives in kyoto
common_voice_ja_20073932.mp3	my cold reached my chest and i have a cough and headache
common_voice_ja_20073934.mp3	she admitted her crime honestly
common_voice_ja_20073936.mp3	a representative example of the latter is jasperware from wedgwood
common_voice_ja_20073937.mp3	yes that's fine
common_voice_ja_20073939.mp3	she went into recluse in her room
common_voice_ja_20073972.mp3	she stated the reason simply
common_voice_ja_20073973.mp3	due to illness he could not attend that party
common_voice_ja_20073974.mp3	father used to recite that poem
common_voice_ja_20073975.mp3	there is no furniture in the room
common_voice_ja_20073976.mp3	like her mother she is not careful
common_voice_ja_20073992.mp3	a good craftsperson says the more you learn a job the harder it becomes
common_voice_ja_20073993.mp3	i always brush my teeth before going to sleep
common_voice_ja_20073994.mp3	i will show tanaka san the book
common_voice_ja_20073995.mp3	wealth is likely one factor in happiness
common_voice_ja_20073996.mp3	tomorrow i will meet with lee san and hand them a gift
common_voice_ja_20074007.mp3	ms hirayama teaches very skillfully
common_voice_ja_20074008.mp3	i left my umbrella in the train by mistake
common_voice_ja_20074009.mp3	father is a teacher
common_voice_ja_20074010.mp3	she is holding one book under her arm
common_voice_ja_20074011.mp3	clean your room
common_voice_ja_20074024.mp3	use a new plate
common_voice_ja_20074027.mp3	i'm afraid of everything that feels bigger than me
common_voice_ja_20074029.mp3	this week that supermarket is closed on wednesday
common_voice_ja_20074030.mp3	lack of attention often causes accidents
common_voice_ja_20074031.mp3	get off at himeji station
common_voice_ja_20074047.mp3	raise your hand
common_voice_ja_20074048.mp3	my younger brother's room is smaller than mine
common_voice_ja_20074049.mp3	my younger brother is good at soccer so he taught me how to play
common_voice_ja_20074050.mp3	the wind is blowing terribly
common_voice_ja_20074051.mp3	a department store that has air conditioning on display during heater season will fail before long
common_voice_ja_20074072.mp3	there is a park right across the bridge
common_voice_ja_20074073.mp3	there is no medicine for complaints
common_voice_ja_20074074.mp3	a company president says one should have as much fun as possible during youth
common_voice_ja_20074075.mp3	i don't know when father will be home
common_voice_ja_20074076.mp3	father painted the mailbox red
common_voice_ja_20074092.mp3	what would be the best gift for her
common_voice_ja_20074093.mp3	this type of person does the most work
common_voice_ja_20074095.mp3	do you ride vans that much
common_voice_ja_20074097.mp3	not only is she beautiful but also pleasant
common_voice_ja_20074099.mp3	she opened the window to let fresh air into the room
common_voice_ja_20074107.mp3	my silent friend died this morning
common_voice_ja_20074108.mp3	i plan to clean when i get home
common_voice_ja_20074109.mp3	which one do you want
common_voice_ja_20074110.mp3	if you brush it it tends to generate fluff so you need to be careful
common_voice_ja_20074111.mp3	despite having wealth and fame he is alone
common_voice_ja_20074126.mp3	lose the battle to win the war
common_voice_ja_20074128.mp3	they looked down on me
common_voice_ja_20074129.mp3	father usually wears a hat when he spends the night somewhere
common_voice_ja_20074130.mp3	the plan is for father to take me to the airport on his way
common_voice_ja_20074131.mp3	i don't usually drink coffee
common_voice_ja_20074232.mp3	i go to karaoke once a week
common_voice_ja_20074233.mp3	the top of mount fuji was covered in snow
common_voice_ja_20074234.mp3	i inadvertently wrote his address on the back of the envelope
common_voice_ja_20074235.mp3	she wrapped herself in fur
common_voice_ja_20074256.mp3	the subway is cheap fast and very convenient
common_voice_ja_20074257.mp3	their house is just on the other side of the bus stop
common_voice_ja_20074258.mp3	i walked a lot today
common_voice_ja_20074259.mp3	difficult situations are precisely the time to flash your professional skills
common_voice_ja_20074260.mp3	strive to live within your means
common_voice_ja_20074276.mp3	at the time yuri went to london often
common_voice_ja_20074277.mp3	father let me go abroad
common_voice_ja_20074278.mp3	this book has one hundred twenty pages
common_voice_ja_20074279.mp3	she scorched herself in the flames of romance
common_voice_ja_20074280.mp3	lee san lives in japan alone
common_voice_ja_20074281.mp3	she spends a lot of money on clothes
common_voice_ja_20074282.mp3	she gave in to temptation
common_voice_ja_20074283.mp3	can you say no to the u s
common_voice_ja_20074284.mp3	please teach me how to use laundry starch
common_voice_ja_20074285.mp3	this is tape i bought yesterday
common_voice_ja_20074286.mp3	you must not go out it's raining hard
common_voice_ja_20074287.mp3	the soldiers were ordered to attack
common_voice_ja_20074288.mp3	it's a live lubricant
common_voice_ja_20074290.mp3	i will go to the bank to deposit money
common_voice_ja_20074292.mp3	it's my daughter's job to clean the room
common_voice_ja_20074301.mp3	make sure you stop by my home
common_voice_ja_20074302.mp3	she has accessories on her clothes
common_voice_ja_20074303.mp3	father doesn't always walk to work
common_voice_ja_20074304.mp3	she devoted her life to working among the poor
common_voice_ja_20074305.mp3	oops i didn't mean to say that
common_voice_ja_20074306.mp3	father is looking for a talented assistant to help him with work
common_voice_ja_20074307.mp3	i think father was a little drunk then
common_voice_ja_20074308.mp3	i have a bad habit of leaving my home at the last minute on the way to scheduled events
common_voice_ja_20074309.mp3	strive to do things yourself
common_voice_ja_20074310.mp3	the interview started at ten p m and went on and on for four hours including a break for dinner
common_voice_ja_20074316.mp3	i had a fever and could not get up
common_voice_ja_20074317.mp3	there's more water than needed
common_voice_ja_20074318.mp3	she made mother happy
common_voice_ja_20074319.mp3	she calmed herself before speaking
common_voice_ja_20074320.mp3	this is my younger sister sakiko we are less than a year apart and she's currently studying to enter university
common_voice_ja_20074344.mp3	she took care of her sick mother
common_voice_ja_20074345.mp3	the story was increasingly boring
common_voice_ja_20074347.mp3	take your passport when you go abroad
common_voice_ja_20074349.mp3	i have a father mother and younger sister
common_voice_ja_20074350.mp3	she was frank and also pure of heart
common_voice_ja_20074351.mp3	humans are intricate and complex organisms
common_voice_ja_20074352.mp3	due to illness he had to postpone the meeting
common_voice_ja_20074353.mp3	she's still hasn't come here
common_voice_ja_20074354.mp3	look at the map on the wall carefully
common_voice_ja_20074355.mp3	this package weights five kilograms so it's heavy
common_voice_ja_20074366.mp3	she wanted to please her mother
common_voice_ja_20074367.mp3	even though i can't add or substract i can draw
common_voice_ja_20074368.mp3	she was very passionate about research
common_voice_ja_20074369.mp3	i was busy so i couldn't eat lunch
common_voice_ja_20074370.mp3	mount fuji is not as tall as mount everest
common_voice_ja_20074371.mp3	she also cracked a cup
common_voice_ja_20074372.mp3	i walked a lot so my feet are tired
common_voice_ja_20074373.mp3	i'm a little jealous of people who have the energy to play tennis
common_voice_ja_20074374.mp3	would you like to wait in the room
common_voice_ja_20074375.mp3	carpeting absorbs sound
common_voice_ja_20074376.mp3	yamada's younger sister is short and cute
common_voice_ja_20074377.mp3	to go to the embassy get off at the next station
common_voice_ja_20074378.mp3	kobayashi san gave half of the bread to kimura san
common_voice_ja_20074379.mp3	she's very smart so there's no way she doesn't know that
common_voice_ja_20074380.mp3	they fell in love as soon as their eyes met
common_voice_ja_20074381.mp3	please make sure to lock the door
common_voice_ja_20074382.mp3	why didn't i come here sooner
common_voice_ja_20074383.mp3	it seems to be relatively uncrowded on weekdays
common_voice_ja_20074384.mp3	i study in a well lit place
common_voice_ja_20074388.mp3	i intended to handle it by phone
common_voice_ja_20074390.mp3	father asked me to open the door
common_voice_ja_20074391.mp3	she too has grown into a woman in the true sense of the word
common_voice_ja_20074392.mp3	the pain of a complex fracture was almost unbearable
common_voice_ja_20074394.mp3	tomorrow i will meet with a friend who is not japanese
common_voice_ja_20074396.mp3	i will order four dishes at the restaurant
common_voice_ja_20074397.mp3	like her older sister she is also beautiful
common_voice_ja_20074399.mp3	yamada san is outside the classroom
common_voice_ja_20074401.mp3	she berated him claiming he broke a promise
common_voice_ja_20074403.mp3	furthermore when viewed from the side the front teeth are buck teeth
common_voice_ja_20074406.mp3	would you like a glass of wine
common_voice_ja_20074407.mp3	however these solvents have been found to be carcinogenic
common_voice_ja_20074408.mp3	compared to around nineteen thirty seven these days the starting salary of a civil servant is one thousand six hundred times greater
common_voice_ja_20074409.mp3	father trained me as a performer not as a man or woman
common_voice_ja_20074410.mp3	the poor harvest was due to the spell of dry weather
common_voice_ja_20074421.mp3	father never gave me much advice
common_voice_ja_20074422.mp3	they slam the keys with their long thin fingers
common_voice_ja_20074423.mp3	i doubt it's appropriate to overrate the joining of average students and the general public in the anti-government demonstration
common_voice_ja_20074424.mp3	she is good at writing
common_voice_ja_20074425.mp3	she smiled warmly at the elderly couple
common_voice_ja_20074436.mp3	father has just come home
common_voice_ja_20074437.mp3	he made his room brighter and was able to read the letter
common_voice_ja_20074438.mp3	she calls her younger sister mina chan
common_voice_ja_20074439.mp3	she gave her seat to an elderly person
common_voice_ja_20074440.mp3	this is an old japanese film
common_voice_ja_20074456.mp3	it was written in a letter
common_voice_ja_20074457.mp3	the eastern sky is cloudy
common_voice_ja_20074458.mp3	she pretended to be naive
common_voice_ja_20074459.mp3	on my days off i go shopping with a friend
common_voice_ja_20074460.mp3	she plays tennis every sunday
common_voice_ja_20074466.mp3	this magazine is thick and heavy
common_voice_ja_20074467.mp3	she is a wallflower
common_voice_ja_20074468.mp3	i was caught off guard and couldn't say a single thing
common_voice_ja_20074469.mp3	put sugar in the coffee with a spoon
common_voice_ja_20074470.mp3	it's better to stop associating with religions like that before you turn into an idiot
common_voice_ja_20074476.mp3	my head hurts so i'm going to bed early this evening
common_voice_ja_20074477.mp3	it is infertility
common_voice_ja_20074479.mp3	the vice president spoke on behalf of the president at that meeting
common_voice_ja_20074480.mp3	it will start to become hotter gradually from july
common_voice_ja_20074496.mp3	she is always chasing after her mother
common_voice_ja_20074497.mp3	she participated in a beauty pageant
common_voice_ja_20074498.mp3	she got back at him by ignoring him
common_voice_ja_20074499.mp3	the wind knocked down many trees
common_voice_ja_20074500.mp3	take what you stole from out of your bag just do it
common_voice_ja_20074521.mp3	she was enjoying the photos i showed her
common_voice_ja_20074522.mp3	she's frightened by thunder
common_voice_ja_20074523.mp3	her eyes are winsome
common_voice_ja_20074524.mp3	my father is a businessman
common_voice_ja_20074525.mp3	my father likes to say silly things
common_voice_ja_20074544.mp3	please enter the room one at a time
common_voice_ja_20074545.mp3	the wall is white on the inside and green on the outside
common_voice_ja_20074546.mp3	in revenge and in love women are more barbaric than men
common_voice_ja_20074548.mp3	i can't eat pork
common_voice_ja_20074549.mp3	she looked around the room
common_voice_ja_20074552.mp3	i work at a car company
common_voice_ja_20074553.mp3	she is clearly ill
common_voice_ja_20074554.mp3	show your ticket at the station entrance
common_voice_ja_20074556.mp3	the person painting the wall is my father
common_voice_ja_20074557.mp3	my father has gone to tokyo so he's not at home
common_voice_ja_20074561.mp3	who is in the room
common_voice_ja_20074562.mp3	write the answer to the question on this paper
common_voice_ja_20074563.mp3	nothing is as important as peace
common_voice_ja_20074564.mp3	this service is temporarily unavailable
common_voice_ja_20074565.mp3	i lost the magazine i borrowed from matsui
common_voice_ja_20074581.mp3	it's completely natural for a married couple to love each other
common_voice_ja_20074582.mp3	supports multiple devices from smart phones to feature phones
common_voice_ja_20074583.mp3	my father was tolerant so he indulged all of my whims as well
common_voice_ja_20074584.mp3	the balloon rose up into the sky
common_voice_ja_20074585.mp3	i held a wedding last month
common_voice_ja_20074596.mp3	the vending machine is where to buy a ticket
common_voice_ja_20074597.mp3	there is no person who does not yearn for peace and safety
common_voice_ja_20074598.mp3	my father permitted me to drive a car
common_voice_ja_20074599.mp3	curing sickness is the job of doctors
common_voice_ja_20074600.mp3	they have already demonstrated how weak willed they are
common_voice_ja_20074601.mp3	you should view things as they are
common_voice_ja_20074602.mp3	summer in japan is hot
common_voice_ja_20074603.mp3	even if one can escape unharmed the worries about when a return to the island would be possible will continue
common_voice_ja_20074604.mp3	quitting altogether after that is what led to failure
common_voice_ja_20074605.mp3	the basic principles of grammar are not that hard
common_voice_ja_20074606.mp3	i would say she's cute rather than beautiful
common_voice_ja_20074607.mp3	once her husband died her baby became more important to her than anything else
common_voice_ja_20074608.mp3	he defeated the enemy
common_voice_ja_20074609.mp3	one must not waste money by buying unnecessary things
common_voice_ja_20074610.mp3	bob's art is hanging on the wall
common_voice_ja_20074621.mp3	turn the t v on
common_voice_ja_20074622.mp3	i always ride the train at eight a m
common_voice_ja_20074623.mp3	given a ten minute break they fix their disheveled hair wipe the sweat from their shoulders and catch their breath in the dressing room
common_voice_ja_20074624.mp3	it's dangerous so please don't go over there
common_voice_ja_20074625.mp3	yesterday a new restaurant opened in front of the station
common_voice_ja_20074626.mp3	baseball is my favorite sport
common_voice_ja_20074627.mp3	japanese people use chopsticks to eat food
common_voice_ja_20074628.mp3	she smiled and said farewell
common_voice_ja_20074629.mp3	this morning i left my home without eating breakfast
common_voice_ja_20074630.mp3	i have a headache due to a cold
common_voice_ja_20074631.mp3	the room was full of people
common_voice_ja_20074632.mp3	he convinced his daughter to go with him to the party
common_voice_ja_20074633.mp3	poverty does not suit her
common_voice_ja_20074634.mp3	my parents live near the ocean
common_voice_ja_20074635.mp3	is she coming too i hope she comes
common_voice_ja_20074636.mp3	there is a thick tree in the park
common_voice_ja_20074637.mp3	clean your room
common_voice_ja_20074638.mp3	wide rivers flow slowly
common_voice_ja_20074639.mp3	if left my key in the room and i can't get in
common_voice_ja_20074640.mp3	dust was blowing in the wind
common_voice_ja_20074651.mp3	she regained consciousness in the hospital
common_voice_ja_20074652.mp3	the local train is not as comfortable as the express
common_voice_ja_20074653.mp3	when i push the glass door and enter for a moment the layer of sweat is peeled off my neck and elbows
common_voice_ja_20074654.mp3	my father did not permit her to go to the movies alone
common_voice_ja_20074655.mp3	today i have to study but tomorrow is fine
common_voice_ja_20074661.mp3	she left the room without a word and closed the door
common_voice_ja_20074662.mp3	the police van left behind a singing voice and disappeared into the darkness where a sleet fell cold enough to freeze one's bones
common_voice_ja_20074663.mp3	she realized that for own safety it would be better to tell the truth
common_voice_ja_20074664.mp3	flowers will bloom in the garden
common_voice_ja_20074665.mp3	it appears that they heard a sound
common_voice_ja_20074676.mp3	i have a duty to protect her
common_voice_ja_20074677.mp3	she was tried in court for the charge of killing her husband
common_voice_ja_20074678.mp3	i took two photographs
common_voice_ja_20074679.mp3	the soldiers advanced toward the town
common_voice_ja_20074680.mp3	it is a sense of self respect that supports her
common_voice_ja_20074681.mp3	she loves him very much
common_voice_ja_20074682.mp3	as a secretary she leaves nothing to be desired
common_voice_ja_20074683.mp3	she set her knitting aside and stood up
common_voice_ja_20074684.mp3	the wind has stopped
common_voice_ja_20074685.mp3	one must not look down on others for being poor
common_voice_ja_20074686.mp3	the wind has picked up
common_voice_ja_20074687.mp3	hey mom that big boy just took a terrible fall
common_voice_ja_20074689.mp3	i was told they breathed their last on the way to the hospital in an ambulance
common_voice_ja_20074690.mp3	i looked at the roofs of a pitiful fishing village resting by the side of a mountain
common_voice_ja_20074691.mp3	in anger she broke off the engagement
common_voice_ja_20074706.mp3	the inside of the room was dark
common_voice_ja_20074708.mp3	yesterday afternoon i went to a cafe with kimura
common_voice_ja_20074709.mp3	the person wearing a yellow shirt is hayashi
common_voice_ja_20074710.mp3	my father had his wallet pickpocketed in the bus
common_voice_ja_20074715.mp3	my father is handy and fixes everything
common_voice_ja_20074717.mp3	it is nothing other than impossible
common_voice_ja_20074718.mp3	i will return to my country the year after next
common_voice_ja_20074719.mp3	she hardly ever sings but i think she will sing tonight
common_voice_ja_20074720.mp3	people of all ages and sexes gather around the fire drink hold hands and sing
common_voice_ja_20074760.mp3	a person who is satisfied with peace is fortunate
common_voice_ja_20074762.mp3	the soldiers refused to obey that command
common_voice_ja_20074763.mp3	usually the person who invited the guests cuts the cooked meat at the table
common_voice_ja_20074765.mp3	can i have a different room
common_voice_ja_20074766.mp3	she is good at changing the subject
common_voice_ja_20074811.mp3	i've thought about it and ultimately this sort of thing is not good so let's make today the day we part ways
common_voice_ja_20074812.mp3	make it so that sick people can receive appropriate nursing
common_voice_ja_20074813.mp3	to point out typos mistranslations or the like please contact us at the following email address
common_voice_ja_20074814.mp3	when i glanced sideways i sensed that my husband was standing up
common_voice_ja_20074815.mp3	we provide inexpensive prefabricated housing
common_voice_ja_20074826.mp3	there are many animals on that mountain
common_voice_ja_20074828.mp3	what is the approximate width
common_voice_ja_20074829.mp3	when you leave the room make sure to turn off the light okay
common_voice_ja_20074831.mp3	they had fair complexion and clear skin and their eyes were a somewhat pale color
common_voice_ja_20074833.mp3	i cook but i'm really bad at it
common_voice_ja_20074836.mp3	if you're going to that university a bicycle would be convenient
common_voice_ja_20074837.mp3	mount fuji is taller than any other mountain in japan
common_voice_ja_20074839.mp3	i like autumn better than spring
common_voice_ja_20074841.mp3	the wall is covered in ivy
common_voice_ja_20074842.mp3	i will definitely meet your expectations
common_voice_ja_20074846.mp3	i only ate bread
common_voice_ja_20074847.mp3	if you practice a lot you will be good at japanese
common_voice_ja_20074848.mp3	i have just returned from seeing her off at the station
common_voice_ja_20074849.mp3	she tagged along when her mother went to buy shoes
common_voice_ja_20074850.mp3	she was depressed
common_voice_ja_20074852.mp3	representatives of sales related corporations should gather in the conference room after the seminar
common_voice_ja_20074854.mp3	from the station take the fifteen bus
common_voice_ja_20074856.mp3	near the great pyramid there were two room buried
common_voice_ja_20074858.mp3	kobayashi is reading a book in the library now
common_voice_ja_20074860.mp3	open the door and enter the room
common_voice_ja_20101907.mp3	my husband works in construction and he goes to work wearing work clothes
common_voice_ja_20101908.mp3	rumor has it she's getting married next month
common_voice_ja_20101909.mp3	i always eat bread for breakfast
common_voice_ja_20101910.mp3	she's a highly versatile utility player who can handle everything from point guard to small forward
common_voice_ja_20101911.mp3	the dictionary is on that bookshelf there
common_voice_ja_20101912.mp3	tomorrow there is a tennis match
common_voice_ja_20101913.mp3	my father was hospitalized yesterday
common_voice_ja_20101914.mp3	wisteria viewed from below is good but it's also beautiful planted in an alley or a pot with flowers
common_voice_ja_20101915.mp3	this building is old and famous
common_voice_ja_20101916.mp3	they painted their home a bright yellow
common_voice_ja_20101922.mp3	cut the cake into four pieces with a knife
common_voice_ja_20101923.mp3	the room is in immaculate order
common_voice_ja_20101924.mp3	she burned her hand while cooking
common_voice_ja_20101925.mp3	the employees of this restaurant look busy
common_voice_ja_20101926.mp3	she is not necessarily happy
common_voice_ja_20101932.mp3	was there anyone in the room
common_voice_ja_20101933.mp3	i've been studying since last year
common_voice_ja_20101934.mp3	they worked day after day
common_voice_ja_20101935.mp3	she helped her daughter get ready
common_voice_ja_20101936.mp3	she said she brushes her teeth every morning
common_voice_ja_20101937.mp3	there is a cat under the chair
common_voice_ja_20101938.mp3	this classroom is well lit and tidy
common_voice_ja_20101939.mp3	a cold is all it took for her to be absent
common_voice_ja_20101940.mp3	my father quit smoking
common_voice_ja_20101941.mp3	she maintained a calm demeanor the entire time
common_voice_ja_20101952.mp3	she stopped cutting and wiped her tears with her apron and the onion was not the only reason why
common_voice_ja_20101953.mp3	matsui is wearing white clothes
common_voice_ja_20101954.mp3	there will definitely be another opportunity
common_voice_ja_20101955.mp3	she recovered from her illness
common_voice_ja_20101956.mp3	a hat and coat were hanging on the wall
common_voice_ja_20101972.mp3	the soldiers had their fighting spirit heightened by that song
common_voice_ja_20101973.mp3	where is the ladies' restroom
common_voice_ja_20101974.mp3	starting next week i'm going overseas for vacation for two weeks
common_voice_ja_20101976.mp3	i'm tired so i'm going to sit and rest
common_voice_ja_20101977.mp3	my state of mind is complicated with a mixture of relief and feeling frazzled
common_voice_ja_20101982.mp3	we also screamed and jumped up
common_voice_ja_20101983.mp3	i covered the balance with debt
common_voice_ja_20101984.mp3	in the philippines those with japanese blood often faced a disadvantage in school and in the workplace
common_voice_ja_20101985.mp3	ambulances do not have sufficiently mobility and the rescue efforts are delayed
common_voice_ja_20101986.mp3	this train will go to tokyo
common_voice_ja_20101997.mp3	poverty often causes crime
common_voice_ja_20101998.mp3	i always study alone
common_voice_ja_20101999.mp3	she cannot hold a candle to her mother
common_voice_ja_20102000.mp3	if it's raining i don't go out on my days off
common_voice_ja_20102001.mp3	the room was pitch black
common_voice_ja_20102012.mp3	keiko is not as tall as me
common_voice_ja_20102013.mp3	our business will be open as usual
common_voice_ja_20102014.mp3	shall we clean the room
common_voice_ja_20102015.mp3	what's your favorite food
common_voice_ja_20102016.mp3	the wind has started to blow
common_voice_ja_20102042.mp3	the has a habit of writing in her diary every day
common_voice_ja_20102044.mp3	she has the advantage of being good looking
common_voice_ja_20102045.mp3	the lady treated that man magnanimously
common_voice_ja_20102046.mp3	i practice tennis every day
common_voice_ja_20102048.mp3	my father caught three fish yesterday
common_voice_ja_20102077.mp3	he secluded himself at home due to his cold
common_voice_ja_20102078.mp3	i watched a movie
common_voice_ja_20102079.mp3	i want to ask her out on a date but i don't have anywhere near the courage
common_voice_ja_20102080.mp3	she thanked me for that present
common_voice_ja_20102081.mp3	she pretended to be naive
common_voice_ja_20102097.mp3	the soldiers proceeded toward enemy territory
common_voice_ja_20102098.mp3	i thought of a plan to ambush him
common_voice_ja_20102099.mp3	she showed off her jewels
common_voice_ja_20102100.mp3	paint was applied to the wall
common_voice_ja_20102101.mp3	actually the orderliness gave me a sense of peace
common_voice_ja_20102122.mp3	please don't forget your homework
common_voice_ja_20102123.mp3	next spring my elder sister will get married
common_voice_ja_20102124.mp3	didn't you hear a scream
common_voice_ja_20102125.mp3	the girl mumbled something of vague interest and entered the room
common_voice_ja_20102126.mp3	when one does something in a hurry mistakes are made
common_voice_ja_20102157.mp3	i'm not good at singing so i'm planning to practice
common_voice_ja_20102158.mp3	the window has been closed
common_voice_ja_20102159.mp3	civilization is now threatened by nuclear war
common_voice_ja_20102160.mp3	there are no special rules concerning attire
common_voice_ja_20102161.mp3	in that classroom there there is a television
common_voice_ja_20102169.mp3	this food is eaten without putting anything on it
common_voice_ja_20102170.mp3	i called her cathy
common_voice_ja_20102172.mp3	she is very sensitive and always ill at ease
common_voice_ja_20102173.mp3	my father plays piano my mother does too
common_voice_ja_20102174.mp3	she smiles at me every time we meet
common_voice_ja_20102194.mp3	i will refer to the former as universal culture and the latter as individual culture
common_voice_ja_20102196.mp3	she spends a lot of money on clothes
common_voice_ja_20102197.mp3	commodity prices are likely to remain the same
common_voice_ja_20102198.mp3	i don't go out on days when it snows
common_voice_ja_20102199.mp3	she was tired so she leaned against the apple tree
common_voice_ja_20102217.mp3	they have cherished that child as their own
common_voice_ja_20102218.mp3	matsui has not done the homework yet
common_voice_ja_20102219.mp3	it was yamada who ate the cate
common_voice_ja_20102220.mp3	i like talking walks along the beach while conversing
common_voice_ja_20102221.mp3	not even the moon was out on that dark night
common_voice_ja_20102240.mp3	they appeared to be sick
common_voice_ja_20102242.mp3	my father is very picky about how his hair is cut
common_voice_ja_20102244.mp3	they're the type who thinks about things very carefully
common_voice_ja_20102245.mp3	she walked along the top of the fence in a handstand
common_voice_ja_20102246.mp3	my father is in his room
common_voice_ja_20102267.mp3	my father usually plays golf on sunday
common_voice_ja_20102268.mp3	after my father died he was the only person the family could count on
common_voice_ja_20102269.mp3	there are limits to everything
common_voice_ja_20102270.mp3	wear a coat so you don't catch a cold
common_voice_ja_20102271.mp3	she is as beautiful as her mother
common_voice_ja_20102283.mp3	a large typhoon hit stopping the trains
common_voice_ja_20102284.mp3	various dishes have been placed on the table
common_voice_ja_20102285.mp3	a terrible wind is blowing
common_voice_ja_20102286.mp3	at eight a m the healthy hostages depart for the workshop by truck
common_voice_ja_20102287.mp3	when you leave the room don't leave the light on okay
common_voice_ja_20102297.mp3	buddhism originated in india
common_voice_ja_20102298.mp3	the more you get to know her the more you'll like her
common_voice_ja_20102299.mp3	i will leave my home at nine o'clock
common_voice_ja_20102300.mp3	the husband and wife put their home up for sale
common_voice_ja_20102301.mp3	have i answered the question
common_voice_ja_20116104.mp3	my friend is coming over so i will clean my room
common_voice_ja_20116105.mp3	she struggled in an attempt to stand up
common_voice_ja_20116106.mp3	she is poor but content
common_voice_ja_20116107.mp3	the following is thought to be one of the reasons stress damages the gastric mucosa
common_voice_ja_20116108.mp3	you should not mock poor people
common_voice_ja_20116109.mp3	the runs a beauty parlor
common_voice_ja_20116110.mp3	make sure you come on time
common_voice_ja_20116111.mp3	i want to drink water
common_voice_ja_20116112.mp3	don't complain you have to go
common_voice_ja_20116113.mp3	i saw tanaka running
common_voice_ja_20116119.mp3	she made a scary face silencing him
common_voice_ja_20116120.mp3	his shadow on the wall looked sad
common_voice_ja_20116121.mp3	change your clothes and come downstairs
common_voice_ja_20116122.mp3	there is a desk in the corner of the room
common_voice_ja_20116123.mp3	she is wearing a green dress
common_voice_ja_20116124.mp3	my father is busy now
common_voice_ja_20116125.mp3	let's have a heart to heart talk
common_voice_ja_20116127.mp3	my father recommended that i learn piano
common_voice_ja_20116128.mp3	the troops continued to guard the territory
common_voice_ja_20116139.mp3	she was able to skillfully obtain what she wanted
common_voice_ja_20116140.mp3	the shoelaces came untied
common_voice_ja_20116141.mp3	it is said that what's wonderful about people is the fine movements of their hands and fingertips as well as their eye expressions
common_voice_ja_20116142.mp3	can i try these clothes on
common_voice_ja_20116143.mp3	it's now past twelve o'clock
common_voice_ja_20116154.mp3	the way mount fuji is covered in snow is wonderfully beautiful isn't it
common_voice_ja_20116155.mp3	insert the money and push the button
common_voice_ja_20116156.mp3	my father died before i was born
common_voice_ja_20116157.mp3	don't make so much noise in the room
common_voice_ja_20116158.mp3	there are two people i don't know in front of my home
common_voice_ja_20116159.mp3	who that knows her would not love her
common_voice_ja_20116160.mp3	i'm told my childhood friend will start university in osaka in the spring
common_voice_ja_20116161.mp3	i left her present at home
common_voice_ja_20116162.mp3	since her husband died she has let her life fall into ruin
common_voice_ja_20116163.mp3	please speak louder so i can hear you
common_voice_ja_20116179.mp3	the farewell note to their family they scribbled in a pocketbook is deeply moving to those who read it
common_voice_ja_20116180.mp3	he is a person who experienced fighting with the soviet military at the end of the war and life as a hostage
common_voice_ja_20116181.mp3	let's stop by fukuda's home for a bit
common_voice_ja_20116182.mp3	my father let me go to the concert
common_voice_ja_20116183.mp3	at first it draws you in with its fast pace and then there are slower scenes in the middle
common_voice_ja_20116195.mp3	father scolded junko because she came home so late
common_voice_ja_20116196.mp3	when i was eating dinner a friend came to my home
common_voice_ja_20116197.mp3	this coat costs ten thousand yen
common_voice_ja_20116198.mp3	this is kobayashi
common_voice_ja_20116199.mp3	that was the beginning of me introducing many works of european poetry and literature
common_voice_ja_20116205.mp3	i told lee what this word means
common_voice_ja_20116206.mp3	she did her makeup before the visitors arrived
common_voice_ja_20116207.mp3	father stretched after he finished dinner
common_voice_ja_20116208.mp3	she hates singing sad songs
common_voice_ja_20116209.mp3	father takes the seven o'clock subway to his office
common_voice_ja_20116230.mp3	i love you
common_voice_ja_20116232.mp3	please give me a refund
common_voice_ja_20116233.mp3	yamada has poor eyesight so she wears glasses
common_voice_ja_20116234.mp3	you could say that humanity started on its path to prosperity while fully receiving the benefits provided by the river
common_voice_ja_20116245.mp3	father is interested in ancient history
common_voice_ja_20116246.mp3	she is beautiful and what's even better is that she's very elegant
common_voice_ja_20116247.mp3	the bank is open from nine a m to three a m
common_voice_ja_20116248.mp3	i have a terrible cold
common_voice_ja_20116249.mp3	they moved to a new home
common_voice_ja_20116255.mp3	always have a dictionary by your side
common_voice_ja_20116256.mp3	his poor educational background was not an obstacle to his success
common_voice_ja_20116257.mp3	art is hanging on the wall
common_voice_ja_20116258.mp3	he does in-depth research in the field of ancient history
common_voice_ja_20116259.mp3	she decided to become a secretary
common_voice_ja_20116272.mp3	put the book on the desk
common_voice_ja_20116274.mp3	even a saint will eventually run out of patience
common_voice_ja_20116276.mp3	don't look down on poor people
common_voice_ja_20116278.mp3	the commune is where the seine river and essonne river meet
common_voice_ja_20116279.mp3	i ate half of the bread
common_voice_ja_20190579.mp3	she made new clothes for her daughter
common_voice_ja_20190580.mp3	the room was filled with smoke
common_voice_ja_20190581.mp3	last week it was my mother's birthday
common_voice_ja_20190582.mp3	she takes care of her sick mother
common_voice_ja_20190583.mp3	due to illness jim could not attend the meeting
common_voice_ja_20190596.mp3	she left the study
common_voice_ja_20190597.mp3	affix a stamp to the envelope
common_voice_ja_20190598.mp3	i helped my younger sister with her homework
common_voice_ja_20190599.mp3	she looked like a girl from a good family
common_voice_ja_20190600.mp3	i have a thai friend
common_voice_ja_20190604.mp3	i will leave my home at seven o'clock
common_voice_ja_20190605.mp3	my father runs a restaurant
common_voice_ja_20190606.mp3	it's better to leave her alone
common_voice_ja_20190607.mp3	action before words that's how i do things
common_voice_ja_20190608.mp3	hayashi's home is over there
common_voice_ja_20190609.mp3	i received a gift a friend brought back from her travels
common_voice_ja_20190610.mp3	this text is short so it's easy to read
common_voice_ja_20190611.mp3	she's a selfish person
common_voice_ja_20190612.mp3	does the wall need to be repainted
common_voice_ja_20190613.mp3	my new home is close to the station so it's very convenient
common_voice_ja_20190614.mp3	she begged for mercy with tears streaming down her face
common_voice_ja_20190615.mp3	spread the napkin across your knees
common_voice_ja_20190616.mp3	yesterday lee learned kanji from matsui
common_voice_ja_20190617.mp3	when i go to the office i wear a black suit
common_voice_ja_20190618.mp3	she is a teacher who we all truly admire
common_voice_ja_20190619.mp3	she is holding a rose in her hand
common_voice_ja_20190620.mp3	don't complain you reap what you sow
common_voice_ja_20190621.mp3	she was said to be beautiful
common_voice_ja_20190622.mp3	the bottle shattered into pieces
common_voice_ja_20190623.mp3	i'm told my father was the age i am now when he moved to tokyo
common_voice_ja_20190624.mp3	ice melts in the sun
common_voice_ja_20190625.mp3	every year i give my mother a birthday present
common_voice_ja_20190626.mp3	i washed my hands with soap
common_voice_ja_20190627.mp3	they showed me many beautiful photographs
common_voice_ja_20190628.mp3	summer vacation is from august first to september thirtieth
common_voice_ja_20190629.mp3	we will have a party on yamada's birthday
common_voice_ja_20190630.mp3	they left at five o'clock so they should be home by six
common_voice_ja_20190631.mp3	like her mother she is not careful
common_voice_ja_20190632.mp3	tomorrow i must go to the embassy
common_voice_ja_20190633.mp3	i pulled out the can using two somewhat thin logs
common_voice_ja_20190634.mp3	she thinks she owes him a debt of gratitude
common_voice_ja_20190635.mp3	why am i so hated as to be called a sworn enemy
common_voice_ja_20190636.mp3	tanaka is wearing a green necktie
common_voice_ja_20190637.mp3	the prefecture is an administrative division in france and japan
common_voice_ja_20190638.mp3	to judge her fairly she is not ugly
common_voice_ja_20190639.mp3	i think it's faster taking the train than the bus to school
common_voice_ja_20190640.mp3	arrange for the patient to receive appropriate nursing
common_voice_ja_20190641.mp3	father usually drinks beer but tonight he drank wine
common_voice_ja_20190642.mp3	in both marriage and divorce they made the decision themselves regardless of what others said
common_voice_ja_20190643.mp3	he felt he had been insulted so he became angry
common_voice_ja_20190644.mp3	but she didn't need to bring a lunch
common_voice_ja_20190645.mp3	my father translated french documents into japanese
common_voice_ja_20190646.mp3	there are desks and chairs in the classroom
common_voice_ja_20190647.mp3	is she naive or is she shameless
common_voice_ja_20190648.mp3	she died a few days before her hundredth birthday
common_voice_ja_20190649.mp3	do you know what complex carbohydrates are
common_voice_ja_20190650.mp3	she wiped her tears
common_voice_ja_20190651.mp3	when i was young i swam a lot
common_voice_ja_20190652.mp3	the wind has died down somewhat
common_voice_ja_20190653.mp3	due to illness he could not go out
common_voice_ja_20190654.mp3	the soldiers advanced toward the border carefully
common_voice_ja_20190655.mp3	father likes his job
common_voice_ja_20190656.mp3	the homeless gorged on the thanksgiving dinner at the church
common_voice_ja_20190657.mp3	i was busy last week so i couldn't study
common_voice_ja_20190658.mp3	commodity prices are likely to continue to rise
common_voice_ja_20190659.mp3	she usually eats vegetables and brown rice
common_voice_ja_20190660.mp3	i lent my younger brother some money
common_voice_ja_20190661.mp3	she put on a hat
common_voice_ja_20190662.mp3	when one has a fever convulsions can occur
common_voice_ja_20190663.mp3	she boiled the eggs until they were hard
